SeqID,Date Of Stop,Time Of Stop,Agency,SubAgency,Description,Location,Latitude,Longitude,Accident,Belts,Personal Injury,Property Damage,Fatal,Commercial License,HAZMAT,Commercial Vehicle,Alcohol,Work Zone,Search Conducted,Search Disposition,Search Outcome,Search Reason,Search Reason For Stop,Search Type,Search Arrest Reason,State,VehicleType,Year,Make,Model,Color,Violation Type,Charge,Article,Contributed To Accident,Race,Gender,Driver City,Driver State,DL State,Arrest Type,Geolocation
971ef50f-f138-419f-89e5-5d2cc5d7b75a,04/30/2023,23:55:00,MCP,"4th District, Wheaton",DRIVING VEHICLE ON HIGHWAY WITH SUSPENDED REGISTRATION,KEMP MILL ROAD @ ALPERT LANE,39.0530383333333,-77.0246366666667,No,No,No,No,No,No,No,No,No,No,No,,Citation,,55*,,,MD,02 - Automobile,2013,HYUNDAI,SONATA,RED,Citation,13-401(h),Transportation Article,False,WHITE,F,SILVER SPRING,MD,MD,A - Marked Patrol,"(39.0530383333333, -77.0246366666667)"
1b3ad74c-9e3b-47af-acba-cc3fcb656e6f,04/30/2023,04:24:00,MCP,"2nd District, Bethesda","NEGLIGENT DRIVING VEHICLE IN CARELESS AND IMPRUDENT MANNER ENDANGERING PROPERTY, LIFE AND PERSON",JONES MILL ROAD/ LE VELLE DRIVE,38.99148,-77.0971133333333,No,No,No,No,No,No,No,No,No,No,No,,Citation,,21-304(c),,,MD,02 - Automobile,2019,NISSAN,ALTIMA,GRAY,Citation,21-901.1(b),Transportation Article,False,BLACK,F,SILVER SPRING,MD,MD,A - Marked Patrol,"(38.99148, -77.0971133333333)"
1b3ad74c-9e3b-47af-acba-cc3fcb656e6f,04/30/2023,04:24:00,MCP,"2nd District, Bethesda",RECKLESS DRIVING VEHICLE IN WANTON AND WILLFUL DISREGARD FOR SAFETY OF PERSONS AND PROPERTY,JONES MILL ROAD/ LE VELLE DRIVE,38.99148,-77.0971133333333,No,No,No,No,No,No,No,No,No,No,No,,Citation,,21-304(c),,,MD,02 - Automobile,2019,NISSAN,ALTIMA,GRAY,Citation,21-901.1(a),Transportation Article,False,BLACK,F,SILVER SPRING,MD,MD,A - Marked Patrol,"(38.99148, -77.0971133333333)"
1b3ad74c-9e3b-47af-acba-cc3fcb656e6f,04/30/2023,04:24:00,MCP,"2nd District, Bethesda",FAILURE TO DRIVE VEHICLE ON RIGHT HALF OF ROADWAY WHEN REQUIRED,JONES MILL ROAD/ LE VELLE DRIVE,38.99148,-77.0971133333333,No,No,No,No,No,No,No,No,No,No,No,,Citation,,21-304(c),,,MD,02 - Automobile,2019,NISSAN,ALTIMA,GRAY,Citation,21-301(a),Transportation Article,False,BLACK,F,SILVER SPRING,MD,MD,A - Marked Patrol,"(38.99148, -77.0971133333333)"
1b3ad74c-9e3b-47af-acba-cc3fcb656e6f,04/30/2023,04:24:00,MCP,"2nd District, Bethesda",DRIVING VEHICLE WHILE UNDER THE INFLUENCE OF ALCOHOL,JONES MILL ROAD/ LE VELLE DRIVE,38.99148,-77.0971133333333,No,No,No,No,No,No,No,No,No,No,No,,Citation,,21-304(c),,,MD,02 - Automobile,2019,NISSAN,ALTIMA,GRAY,Citation,21-902(a1i),Transportation Article,False,BLACK,F,SILVER SPRING,MD,MD,A - Marked Patrol,"(38.99148, -77.0971133333333)"
1b3ad74c-9e3b-47af-acba-cc3fcb656e6f,04/30/2023,04:24:00,MCP,"2nd District, Bethesda",DRIVING OFF ROADWAY WHILE PASSING VEHICLE,JONES MILL ROAD/ LE VELLE DRIVE,38.99148,-77.0971133333333,No,No,No,No,No,No,No,No,No,No,No,,Citation,,21-304(c),,,MD,02 - Automobile,2019,NISSAN,ALTIMA,GRAY,Citation,21-304(c),Transportation Article,False,BLACK,F,SILVER SPRING,MD,MD,A - Marked Patrol,"(38.99148, -77.0971133333333)"
1b3ad74c-9e3b-47af-acba-cc3fcb656e6f,04/30/2023,04:24:00,MCP,"2nd District, Bethesda",DRIVING VEHICLE WHILE UNDER THE INFLUENCE OF ALCOHOL PER SE,JONES MILL ROAD/ LE VELLE DRIVE,38.99148,-77.0971133333333,No,No,No,No,No,No,No,No,No,No,No,,Citation,,21-304(c),,,MD,02 - Automobile,2019,NISSAN,ALTIMA,GRAY,Citation,21-902(a1ii),Transportation Article,False,BLACK,F,SILVER SPRING,MD,MD,A - Marked Patrol,"(38.99148, -77.0971133333333)"
1b3ad74c-9e3b-47af-acba-cc3fcb656e6f,04/30/2023,04:24:00,MCP,"2nd District, Bethesda",DRIVING VEHICLE ON HIGHWAY WITH SUSPENDED REGISTRATION,JONES MILL ROAD/ LE VELLE DRIVE,38.99148,-77.0971133333333,No,No,No,No,No,No,No,No,No,No,No,,Citation,,21-304(c),,,MD,02 - Automobile,2019,NISSAN,ALTIMA,GRAY,Citation,13-401(h),Transportation Article,False,BLACK,F,SILVER SPRING,MD,MD,A - Marked Patrol,"(38.99148, -77.0971133333333)"
0eadad00-ab24-4722-b195-4c9f91f20891,04/30/2023,10:43:00,MCP,"3rd District, Silver Spring",PERSON DRIVING MOTOR VEHICLE ON HIGHWAY OR PUBLIC USE PROPERTY ON SUSPENDED LICENSE AND PRIVILEGE,650 AT LOCKWOOD DR,0,0,No,Yes,No,No,No,No,No,No,No,No,No,,Citation,,13-411(g),,,XX,02 - Automobile,2002,NISSAN,MAXIMA,GRAY,Citation,16-303(c),Transportation Article,False,BLACK,M,SILVER SPRING,MD,MD,A - Marked Patrol,"(0.0, 0.0)"
0eadad00-ab24-4722-b195-4c9f91f20891,04/30/2023,10:43:00,MCP,"3rd District, Silver Spring",DISPLAYING REG. PLATE ISSUED FOR OTHER VEHICLE,650 AT LOCKWOOD DR,0,0,No,Yes,No,No,No,No,No,No,No,No,No,,Citation,,13-411(g),,,XX,02 - Automobile,2002,NISSAN,MAXIMA,GRAY,Citation,13-411(g),Transportation Article,False,BLACK,M,SILVER SPRING,MD,MD,A - Marked Patrol,"(0.0, 0.0)"
0eadad00-ab24-4722-b195-4c9f91f20891,04/30/2023,10:43:00,MCP,"3rd District, Silver Spring","DRIVING WHILE LIC. SUSP. UNDER 16-203, 16-206A2 FAIL TO ATTEND DIP, 17-106, 26-204/206, 27-103",650 AT LOCKWOOD DR,0,0,No,Yes,No,No,No,No,No,No,No,No,No,,Citation,,13-411(g),,,XX,02 - Automobile,2002,NISSAN,MAXIMA,GRAY,Citation,16-303(h),Transportation Article,False,BLACK,M,SILVER SPRING,MD,MD,A - Marked Patrol,"(0.0, 0.0)"
0eadad00-ab24-4722-b195-4c9f91f20891,04/30/2023,10:43:00,MCP,"3rd District, Silver Spring",KNOWINGLY DRIVING UNINSURED VEHICLE,650 AT LOCKWOOD DR,0,0,No,Yes,No,No,No,No,No,No,No,No,No,,Citation,,13-411(g),,,XX,02 - Automobile,2002,NISSAN,MAXIMA,GRAY,Citation,17-107(a1),Transportation Article,False,BLACK,M,SILVER SPRING,MD,MD,A - Marked Patrol,"(0.0, 0.0)"
31f28e8a-9e29-4be0-834d-0b83b6d534ad,04/30/2023,09:29:00,MCP,"5th District, Germantown",FAILURE TO CONTROL VEHICLE SPEED ON HIGHWAY TO AVOID COLLISION,FREDERICK RD / REDGRAVE PL,0,0,No,No,Yes,No,No,No,No,No,No,No,,,,,,,,MD,02 - Automobile,2022,VOLKSWAGEN,JETTA,GRAY,Citation,21-801(b),Transportation Article,False,OTHER,M,DARNESTOWN,MD,MD,A - Marked Patrol,"(0.0, 0.0)"
31f28e8a-9e29-4be0-834d-0b83b6d534ad,04/30/2023,09:29:00,MCP,"5th District, Germantown",DRIVER USING HANDS TO USE HANDHELD TELEPHONE WHILEMOTOR VEHICLE IS IN MOTION,FREDERICK RD / REDGRAVE PL,0,0,No,No,Yes,No,No,No,No,No,No,No,,,,,,,,MD,02 - Automobile,2022,VOLKSWAGEN,JETTA,GRAY,Citation,21-1124.2(d2),Transportation Article,False,OTHER,M,DARNESTOWN,MD,MD,A - Marked Patrol,"(0.0, 0.0)"
31f28e8a-9e29-4be0-834d-0b83b6d534ad,04/30/2023,09:29:00,MCP,"5th District, Germantown",DRIVER WHEN TURNING LEFT FAIL TO YIELD RIGHT OF WAY TO VEHICLE APPROACHING FROM OPPOSITE DIRECTION,FREDERICK RD / REDGRAVE PL,0,0,No,No,Yes,No,No,No,No,No,No,No,,,,,,,,MD,02 - Automobile,2022,VOLKSWAGEN,JETTA,GRAY,Citation,21-402(a),Transportation Article,False,OTHER,M,DARNESTOWN,MD,MD,A - Marked Patrol,"(0.0, 0.0)"
10e13692-a609-4b92-bb6c-332740c64f4d,04/29/2023,23:55:00,MCP,"3rd District, Silver Spring",DRIVER FAIL TO STOP AT STEADY RED ARROW SIGNAL,FALLS ROAD AT WOOTON PKWY,39.06643,-77.1651083333333,No,No,No,No,No,No,No,No,No,No,No,,Citation,,21-202(h2),,,MD,02 - Automobile,2020,RANGE ROVER,VELAR,WHITE,Citation,21-202(h2),Transportation Article,False,WHITE,M,POTOMAC,MD,MD,A - Marked Patrol,"(39.06643, -77.1651083333333)"
d0c53876-4da4-4922-ac4f-d5a7e91c7bcc,04/30/2023,03:23:00,MCP,"3rd District, Silver Spring",DRIVER FAIL TO STOP AT FLASHING RED TRAFFIC SIGNAL STOP LINE,FENTON ST @ COLESVILLE RD,38.997645,-77.027105,Yes,No,No,No,No,No,No,No,No,No,No,,Citation,,21-204(b),,,MD,02 - Automobile,2020,LINC,UT,WHITE,Citation,21-204(b),Transportation Article,True,BLACK,F,COLUMBIA,MD,MD,A - Marked Patrol,"(38.997645, -77.027105)"
c7c5462e-b769-4a75-b818-db3387e17b90,04/30/2023,01:57:00,MCP,Headquarters and Special Operations,DRIVING VEH. WHILE IMPAIRED BY ALCOHOL,219 E DIAMOND AVE,39.149615,-77.2335866666667,No,No,No,No,No,No,No,No,No,No,Yes,Nothing,Arrest,Incident to Arrest,21-901.1(a),Both,Stop,MD,02 - Automobile,2003,HONDA,CIVIC,WHITE,Citation,21-902(b1i),Transportation Article,False,HISPANIC,M,MONTGOMERY VILLAGE,MD,MD,B - Unmarked Patrol,"(39.149615, -77.2335866666667)"
c7c5462e-b769-4a75-b818-db3387e17b90,04/30/2023,01:57:00,MCP,Headquarters and Special Operations,DRIVING VEHICLE WHILE UNDER THE INFLUENCE OF ALCOHOL,219 E DIAMOND AVE,39.149615,-77.2335866666667,No,No,No,No,No,No,No,No,No,No,Yes,Nothing,Arrest,Incident to Arrest,21-901.1(a),Both,Stop,MD,02 - Automobile,2003,HONDA,CIVIC,WHITE,Citation,21-902(a1i),Transportation Article,False,HISPANIC,M,MONTGOMERY VILLAGE,MD,MD,B - Unmarked Patrol,"(39.149615, -77.2335866666667)"
c7c5462e-b769-4a75-b818-db3387e17b90,04/30/2023,01:57:00,MCP,Headquarters and Special Operations,DRIVING VEHICLE WHILE UNDER THE INFLUENCE OF ALCOHOL PER SE,219 E DIAMOND AVE,39.149615,-77.2335866666667,No,No,No,No,No,No,No,No,No,No,Yes,Nothing,Arrest,Incident to Arrest,21-901.1(a),Both,Stop,MD,02 - Automobile,2003,HONDA,CIVIC,WHITE,Citation,21-902(a1ii),Transportation Article,False,HISPANIC,M,MONTGOMERY VILLAGE,MD,MD,B - Unmarked Patrol,"(39.149615, -77.2335866666667)"
c7c5462e-b769-4a75-b818-db3387e17b90,04/30/2023,01:57:00,MCP,Headquarters and Special Operations,"NEGLIGENT DRIVING VEHICLE IN CARELESS AND IMPRUDENT MANNER ENDANGERING PROPERTY, LIFE AND PERSON",219 E DIAMOND AVE,39.149615,-77.2335866666667,No,No,No,No,No,No,No,No,No,No,Yes,Nothing,Arrest,Incident to Arrest,21-901.1(a),Both,Stop,MD,02 - Automobile,2003,HONDA,CIVIC,WHITE,Citation,21-901.1(b),Transportation Article,False,HISPANIC,M,MONTGOMERY VILLAGE,MD,MD,B - Unmarked Patrol,"(39.149615, -77.2335866666667)"
c7c5462e-b769-4a75-b818-db3387e17b90,04/30/2023,01:57:00,MCP,Headquarters and Special Operations,RECKLESS DRIVING VEHICLE IN WANTON AND WILLFUL DISREGARD FOR SAFETY OF PERSONS AND PROPERTY,219 E DIAMOND AVE,39.149615,-77.2335866666667,No,No,No,No,No,No,No,No,No,No,Yes,Nothing,Arrest,Incident to Arrest,21-901.1(a),Both,Stop,MD,02 - Automobile,2003,HONDA,CIVIC,WHITE,Citation,21-901.1(a),Transportation Article,False,HISPANIC,M,MONTGOMERY VILLAGE,MD,MD,B - Unmarked Patrol,"(39.149615, -77.2335866666667)"
c7c5462e-b769-4a75-b818-db3387e17b90,04/30/2023,01:57:00,MCP,Headquarters and Special Operations,DRIVER FAILURE TO OBEY PROPERLY PLACED TRAFFIC CONTROL DEVICE INSTRUCTIONS,219 E DIAMOND AVE,39.149615,-77.2335866666667,No,No,No,No,No,No,No,No,No,No,Yes,Nothing,Arrest,Incident to Arrest,21-901.1(a),Both,Stop,MD,02 - Automobile,2003,HONDA,CIVIC,WHITE,Citation,21-201(a1),Transportation Article,False,HISPANIC,M,MONTGOMERY VILLAGE,MD,MD,B - Unmarked Patrol,"(39.149615, -77.2335866666667)"
c7c5462e-b769-4a75-b818-db3387e17b90,04/30/2023,01:57:00,MCP,Headquarters and Special Operations,FAILURE TO DRIVE VEHICLE ON RIGHT HALF OF ROADWAY WHEN REQUIRED,219 E DIAMOND AVE,39.149615,-77.2335866666667,No,No,No,No,No,No,No,No,No,No,Yes,Nothing,Arrest,Incident to Arrest,21-901.1(a),Both,Stop,MD,02 - Automobile,2003,HONDA,CIVIC,WHITE,Citation,21-301(a),Transportation Article,False,HISPANIC,M,MONTGOMERY VILLAGE,MD,MD,B - Unmarked Patrol,"(39.149615, -77.2335866666667)"
c7c5462e-b769-4a75-b818-db3387e17b90,04/30/2023,01:57:00,MCP,Headquarters and Special Operations,DRIVING MOTOR VEHICLE ON HIGHWAY WITHOUT REQUIRED LICENSE AND AUTHORIZATION,219 E DIAMOND AVE,39.149615,-77.2335866666667,No,No,No,No,No,No,No,No,No,No,Yes,Nothing,Arrest,Incident to Arrest,21-901.1(a),Both,Stop,MD,02 - Automobile,2003,HONDA,CIVIC,WHITE,Citation,16-101(a1),Transportation Article,False,HISPANIC,M,MONTGOMERY VILLAGE,MD,MD,B - Unmarked Patrol,"(39.149615, -77.2335866666667)"
31bbc5cb-b2e7-4807-8ce8-16b139b0b0de,04/30/2023,04:35:00,MCP,"2nd District, Bethesda",DRIVING VEHICLE ON HIGHWAY WITH SUSPENDED REGISTRATION,I 495 OL / GEORGIA AVE,39.013295,-77.0356,No,No,No,No,No,No,No,No,No,No,No,,Citation,,13-401(h),,,MD,02 - Automobile,2021,KIA,4DR,WHITE,Citation,13-401(h),Transportation Article,False,HISPANIC,F,BELTSVILLE,MD,MD,A - Marked Patrol,"(39.013295, -77.0356)"
31bbc5cb-b2e7-4807-8ce8-16b139b0b0de,04/30/2023,04:35:00,MCP,"2nd District, Bethesda",DRIVING TO DRIVE MOTOR VEHICLE ON HIGHWAY WITHOUT REQUIRED LICENSE AND AUTHORIZATION,I 495 OL / GEORGIA AVE,39.013295,-77.0356,No,No,No,No,No,No,No,No,No,No,No,,Citation,,13-401(h),,,MD,02 - Automobile,2021,KIA,4DR,WHITE,Citation,16-101(a1),Transportation Article,False,HISPANIC,F,BELTSVILLE,MD,MD,A - Marked Patrol,"(39.013295, -77.0356)"
31bbc5cb-b2e7-4807-8ce8-16b139b0b0de,04/30/2023,04:35:00,MCP,"2nd District, Bethesda",PERSON DRIVING MOTOR VEHICLE ON HIGHWAY OR PUBLIC USE PROPERTY ON SUSPENDED LICENSE AND PRIVILEGE,I 495 OL / GEORGIA AVE,39.013295,-77.0356,No,No,No,No,No,No,No,No,No,No,No,,Citation,,13-401(h),,,MD,02 - Automobile,2021,KIA,4DR,WHITE,Citation,16-303(c),Transportation Article,False,HISPANIC,F,BELTSVILLE,MD,MD,A - Marked Patrol,"(39.013295, -77.0356)"
31bbc5cb-b2e7-4807-8ce8-16b139b0b0de,04/30/2023,04:35:00,MCP,"2nd District, Bethesda",DRIVING MOTOR VEH WHILE LIC. SUSPENDED IN OTHER STATE FOR FAILURE TO PAY FINE.,I 495 OL / GEORGIA AVE,39.013295,-77.0356,No,No,No,No,No,No,No,No,No,No,No,,Citation,,13-401(h),,,MD,02 - Automobile,2021,KIA,4DR,WHITE,Citation,16-303(i),Transportation Article,False,HISPANIC,F,BELTSVILLE,MD,MD,A - Marked Patrol,"(39.013295, -77.0356)"
31bbc5cb-b2e7-4807-8ce8-16b139b0b0de,04/30/2023,04:35:00,MCP,"2nd District, Bethesda",POSSESSING SUSPENDED LIC.,I 495 OL / GEORGIA AVE,39.013295,-77.0356,No,No,No,No,No,No,No,No,No,No,No,,Citation,,13-401(h),,,MD,02 - Automobile,2021,KIA,4DR,WHITE,Citation,16-301(j),Transportation Article,False,HISPANIC,F,BELTSVILLE,MD,MD,A - Marked Patrol,"(39.013295, -77.0356)"
9c7e82f8-32ed-494f-8c0b-23012f543abc,04/30/2023,02:51:00,MCP,Headquarters and Special Operations,EXCEEDING POSTED MAXIMUM SPEED LIMIT: 84 MPH IN A POSTED 55 MPH ZONE,NB I270 @ WATKINS MILL RD,39.1825383333333,-77.26044,No,No,No,No,No,No,No,No,No,No,,,,,,,,MD,02 - Automobile,2019,BMW,X6,WHITE,Citation,21-801.1,Transportation Article,False,BLACK,M,BURTONSVILLE,MD,MD,R - Unmarked Laser,"(39.1825383333333, -77.26044)"
b81c3059-677d-4d14-8f0c-47a3e87befcd,04/30/2023,03:14:00,MCP,Headquarters and Special Operations,DRIVING VEHICLE WHILE UNDER THE INFLUENCE OF ALCOHOL,NB I270 @ WATKINS MILL RD,39.1841033333333,-77.2543583333333,No,No,No,No,No,No,No,No,No,No,,,,,,,,MD,02 - Automobile,2013,FORD,EDGE,WHITE,Citation,21-902(a1i),Transportation Article,False,BLACK,M,FREDERICK,MD,MD,R - Unmarked Laser,"(39.1841033333333, -77.2543583333333)"
b81c3059-677d-4d14-8f0c-47a3e87befcd,04/30/2023,03:14:00,MCP,Headquarters and Special Operations,DRIVING VEH. WHILE IMPAIRED BY ALCOHOL,NB I270 @ WATKINS MILL RD,39.1841033333333,-77.2543583333333,No,No,No,No,No,No,No,No,No,No,,,,,,,,MD,02 - Automobile,2013,FORD,EDGE,WHITE,Citation,21-902(b1i),Transportation Article,False,BLACK,M,FREDERICK,MD,MD,R - Unmarked Laser,"(39.1841033333333, -77.2543583333333)"
b81c3059-677d-4d14-8f0c-47a3e87befcd,04/30/2023,03:14:00,MCP,Headquarters and Special Operations,DRIVING VEHICLE WHILE UNDER THE INFLUENCE OF ALCOHOL PER SE,NB I270 @ WATKINS MILL RD,39.1841033333333,-77.2543583333333,No,No,No,No,No,No,No,No,No,No,,,,,,,,MD,02 - Automobile,2013,FORD,EDGE,WHITE,Citation,21-902(a1ii),Transportation Article,False,BLACK,M,FREDERICK,MD,MD,R - Unmarked Laser,"(39.1841033333333, -77.2543583333333)"
b81c3059-677d-4d14-8f0c-47a3e87befcd,04/30/2023,03:14:00,MCP,Headquarters and Special Operations,"NEGLIGENT DRIVING VEHICLE IN CARELESS AND IMPRUDENT MANNER ENDANGERING PROPERTY, LIFE AND PERSON",NB I270 @ WATKINS MILL RD,39.1841033333333,-77.2543583333333,No,No,No,No,No,No,No,No,No,No,,,,,,,,MD,02 - Automobile,2013,FORD,EDGE,WHITE,Citation,21-901.1(b),Transportation Article,False,BLACK,M,FREDERICK,MD,MD,R - Unmarked Laser,"(39.1841033333333, -77.2543583333333)"
b81c3059-677d-4d14-8f0c-47a3e87befcd,04/30/2023,03:14:00,MCP,Headquarters and Special Operations,RECKLESS DRIVING VEHICLE IN WANTON AND WILLFUL DISREGARD FOR SAFETY OF PERSONS AND PROPERTY,NB I270 @ WATKINS MILL RD,39.1841033333333,-77.2543583333333,No,No,No,No,No,No,No,No,No,No,,,,,,,,MD,02 - Automobile,2013,FORD,EDGE,WHITE,Citation,21-901.1(a),Transportation Article,False,BLACK,M,FREDERICK,MD,MD,R - Unmarked Laser,"(39.1841033333333, -77.2543583333333)"
b81c3059-677d-4d14-8f0c-47a3e87befcd,04/30/2023,03:14:00,MCP,Headquarters and Special Operations,DRIVER FAILURE TO OBEY PROPERLY PLACED TRAFFIC CONTROL DEVICE INSTRUCTIONS,NB I270 @ WATKINS MILL RD,39.1841033333333,-77.2543583333333,No,No,No,No,No,No,No,No,No,No,,,,,,,,MD,02 - Automobile,2013,FORD,EDGE,WHITE,Citation,21-201(a1),Transportation Article,False,BLACK,M,FREDERICK,MD,MD,R - Unmarked Laser,"(39.1841033333333, -77.2543583333333)"
b81c3059-677d-4d14-8f0c-47a3e87befcd,04/30/2023,03:14:00,MCP,Headquarters and Special Operations,EXCEEDING POSTED MAXIMUM SPEED LIMIT: 103 MPH IN A POSTED 55 MPH ZONE,NB I270 @ WATKINS MILL RD,39.1841033333333,-77.2543583333333,No,No,No,No,No,No,No,No,No,No,,,,,,,,MD,02 - Automobile,2013,FORD,EDGE,WHITE,Citation,21-801.1,Transportation Article,False,BLACK,M,FREDERICK,MD,MD,R - Unmarked Laser,"(39.1841033333333, -77.2543583333333)"
b81c3059-677d-4d14-8f0c-47a3e87befcd,04/30/2023,03:14:00,MCP,Headquarters and Special Operations,DRIVING VEHICLE IN EXCESS OF REASONABLE AND PRUDENT SPEED ON HIGHWAY 103/55,NB I270 @ WATKINS MILL RD,39.1841033333333,-77.2543583333333,No,No,No,No,No,No,No,No,No,No,,,,,,,,MD,02 - Automobile,2013,FORD,EDGE,WHITE,Citation,21-801(a),Transportation Article,False,BLACK,M,FREDERICK,MD,MD,R - Unmarked Laser,"(39.1841033333333, -77.2543583333333)"
31bbc5cb-b2e7-4807-8ce8-16b139b0b0de,04/30/2023,04:35:00,MCP,"2nd District, Bethesda",FAILURE TO DISPLAY REGISTRATION CARD UPON DEMAND BY POLICE OFFICER,I 495 OL / GEORGIA AVE,39.013295,-77.0356,No,No,No,No,No,No,No,No,No,No,No,,Citation,,13-401(h),,,MD,02 - Automobile,2021,KIA,4DR,WHITE,Warning,13-409(b),Transportation Article,False,HISPANIC,F,BELTSVILLE,MD,MD,A - Marked Patrol,"(39.013295, -77.0356)"
86406e5d-9d41-4c0a-9792-42ae14696032,04/30/2023,07:10:00,MCP,"1st District, Rockville",EXCEEDING THE POSTED SPEED LIMIT OF 40 MPH,S/B FREDERICK RD AT CAMPUS DR,39.0977383333333,-77.1538033333333,No,No,No,No,No,No,No,No,No,No,No,,Warning,,21-801.1,,,MD,02 - Automobile,2014,MAZD,CX-5,BLACK,Warning,21-801.1,Transportation Article,False,BLACK,F,DERWOOD,MD,MD,A - Marked Patrol,"(39.0977383333333, -77.1538033333333)"
86406e5d-9d41-4c0a-9792-42ae14696032,04/30/2023,07:10:00,MCP,"1st District, Rockville",DRIVE MOTOR VEHICLE W/O LIGHTED HEADS LAMPS WHILE OPERATING WINDSHIELD WIPERS,S/B FREDERICK RD AT CAMPUS DR,39.0977383333333,-77.1538033333333,No,No,No,No,No,No,No,No,No,No,No,,Warning,,21-801.1,,,MD,02 - Automobile,2014,MAZD,CX-5,BLACK,Warning,22-201.2,Transportation Article,False,BLACK,F,DERWOOD,MD,MD,A - Marked Patrol,"(39.0977383333333, -77.1538033333333)"
feb0b3cf-5ec5-4294-aba5-80ab52e32847,04/30/2023,08:10:00,MCP,"1st District, Rockville",DRIVER FAILURE TO OBEY PROPERLY PLACED TRAFFIC CONTROL DEVICE INSTRUCTIONS,E/B ROLLINS AVE AT ROCKVILLE PIKE,39.055715,-77.11893,No,No,No,No,No,No,No,No,No,No,No,,Warning,,21-201(a1),,,MD,02 - Automobile,2018,LEXS,NX300,GRAY,Warning,21-201(a1),Transportation Article,False,HISPANIC,F,SILVER SPRING,MD,MD,A - Marked Patrol,"(39.055715, -77.11893)"
feb0b3cf-5ec5-4294-aba5-80ab52e32847,04/30/2023,08:10:00,MCP,"1st District, Rockville",DISPLAYING EXPIRED REGISTRATION PLATE ISSUED BY ANY STATE,E/B ROLLINS AVE AT ROCKVILLE PIKE,39.055715,-77.11893,No,No,No,No,No,No,No,No,No,No,No,,Warning,,21-201(a1),,,MD,02 - Automobile,2018,LEXS,NX300,GRAY,Warning,13-411(f),Transportation Article,False,HISPANIC,F,SILVER SPRING,MD,MD,A - Marked Patrol,"(39.055715, -77.11893)"
6e7cd91e-37bd-4575-b09d-eb7c9a339237,04/30/2023,08:32:00,MCP,"1st District, Rockville",DRIVER FAILURE TO OBEY PROPERLY PLACED TRAFFIC CONTROL DEVICE INSTRUCTIONS,W/B TWINBROOK PKWY AT ROCKVILLE PIKE,39.0625566666667,-77.124695,No,No,No,No,No,No,No,No,No,No,No,,Warning,,21-201(a1),,,MD,02 - Automobile,2022,HOND,CIVIC,SILVER,Warning,21-201(a1),Transportation Article,False,HISPANIC,F,CABIN JOHN,MD,MD,A - Marked Patrol,"(39.0625566666667, -77.124695)"
0bf4f1bb-65c3-45bb-95fd-1af63c138413,04/30/2023,10:41:00,MCP,"2nd District, Bethesda",DRIVER FAILURE TO STOP AT STEADY CIRCULAR RED SIGNAL,WOODMONT AVE/EDGEMOOR LN,38.983625,-77.0963666666667,No,No,No,No,No,No,No,No,No,No,No,,Warning,,21-202(h1),,,MD,02 - Automobile,2021,NISSAN,ROGUE,SILVER,Warning,21-202(h1),Transportation Article,False,WHITE,F,WASHINGTON,DC,DC,A - Marked Patrol,"(38.983625, -77.0963666666667)"
0bf4f1bb-65c3-45bb-95fd-1af63c138413,04/30/2023,10:41:00,MCP,"2nd District, Bethesda",DRIVE MOTOR VEHICLE W/O LIGHTED HEADS LAMPS WHILE OPERATING WINDSHIELD WIPERS,WOODMONT AVE/EDGEMOOR LN,38.983625,-77.0963666666667,No,No,No,No,No,No,No,No,No,No,No,,Warning,,21-202(h1),,,MD,02 - Automobile,2021,NISSAN,ROGUE,SILVER,Warning,22-201.2,Transportation Article,False,WHITE,F,WASHINGTON,DC,DC,A - Marked Patrol,"(38.983625, -77.0963666666667)"
c0212697-7065-46ba-a46f-a913cba5e0ec,04/30/2023,11:38:00,MCP,"1st District, Rockville",FAILURE VEH. TO YIELD INTERSECTION RIGHT-OF-WAY TO ANOTHER VEH.,WHITES FERRY RD/EDWARDS FERRY RD,39.1582533333333,-77.4510316666667,No,No,No,Yes,No,No,No,No,No,No,,,,,,,,MD,02 - Automobile,2013,AUDI,CP,WHITE,Warning,21-401,Transportation Article,False,ASIAN,M,ELLICOT CITY,MD,MD,A - Marked Patrol,"(39.1582533333333, -77.4510316666667)"
9c7e82f8-32ed-494f-8c0b-23012f543abc,04/30/2023,02:51:00,MCP,Headquarters and Special Operations,DRIVING VEHICLE IN EXCESS OF REASONABLE AND PRUDENT SPEED ON HIGHWAY 99/55 @ 332.9,NB I270 @ WATKINS MILL RD,39.1825383333333,-77.26044,No,No,No,No,No,No,No,No,No,No,,,,,,,,MD,02 - Automobile,2019,BMW,X6,WHITE,Warning,21-801(a),Transportation Article,False,BLACK,M,BURTONSVILLE,MD,MD,R - Unmarked Laser,"(39.1825383333333, -77.26044)"
45c9d321-576e-491b-b3f8-7e1c1ffea3e1,04/30/2023,02:59:00,MCP,Headquarters and Special Operations,FAILURE TO DISPLAY & REFLECT RED COLOR LIGHT ON REAR LAMPS AND REFLECTORS AS REQ.,SB I270 @ MIDDLEBROOK RD,39.1593666666667,-77.2300833333333,No,No,No,No,No,No,No,No,No,No,,,,,,,,DC,02 - Automobile,2015,SCION,HB,BLACK,Warning,22-209(b),Transportation Article,False,BLACK,M,WASHINGTON,DC,DC,B - Unmarked Patrol,"(39.1593666666667, -77.2300833333333)"
45c9d321-576e-491b-b3f8-7e1c1ffea3e1,04/30/2023,02:59:00,MCP,Headquarters and Special Operations,EXCEEDING THE POSTED SPEED LIMIT OF 55 MPH,SB I270 @ MIDDLEBROOK RD,39.1593666666667,-77.2300833333333,No,No,No,No,No,No,No,No,No,No,,,,,,,,DC,02 - Automobile,2015,SCION,HB,BLACK,Warning,21-801.1,Transportation Article,False,BLACK,M,WASHINGTON,DC,DC,B - Unmarked Patrol,"(39.1593666666667, -77.2300833333333)"
45c9d321-576e-491b-b3f8-7e1c1ffea3e1,04/30/2023,02:59:00,MCP,Headquarters and Special Operations,DRIVING VEHICLE IN EXCESS OF REASONABLE AND PRUDENT SPEED ON HIGHWAY 85/55,SB I270 @ MIDDLEBROOK RD,39.1593666666667,-77.2300833333333,No,No,No,No,No,No,No,No,No,No,,,,,,,,DC,02 - Automobile,2015,SCION,HB,BLACK,Warning,21-801(a),Transportation Article,False,BLACK,M,WASHINGTON,DC,DC,B - Unmarked Patrol,"(39.1593666666667, -77.2300833333333)"
45c9d321-576e-491b-b3f8-7e1c1ffea3e1,04/30/2023,02:59:00,MCP,Headquarters and Special Operations,DRIVING UNSAFE VEH. ON HWY.,SB I270 @ MIDDLEBROOK RD,39.1593666666667,-77.2300833333333,No,No,No,No,No,No,No,No,No,No,,,,,,,,DC,02 - Automobile,2015,SCION,HB,BLACK,Warning,22-101(a),Transportation Article,False,BLACK,M,WASHINGTON,DC,DC,B - Unmarked Patrol,"(39.1593666666667, -77.2300833333333)"
5d0a60b2-b5ac-4572-969a-56936bbb1e72,04/30/2023,11:11:00,MCP,"2nd District, Bethesda",DRIVER FAILURE TO OBEY PROPERLY PLACED TRAFFIC CONTROL DEVICE INSTRUCTIONS,WISCONSIN AVE @ ELM ST,38.9817846666667,-77.0928755,No,No,No,No,No,No,No,No,No,No,,,,,,,,MD,02 - Automobile,2007,JAGUAR,XTYPE,BLACK,Warning,21-201(a1),Transportation Article,False,WHITE,M,BETHESDA,MD,MD,A - Marked Patrol,"(38.9817846666667, -77.0928755)"
583457ba-d442-4ebe-b4b9-1e6cc83a6ed8,04/30/2023,02:08:00,MCP,"6th District, Gaithersburg / Montgomery Village",DRIVING VEHICLE IN EXCESS OF REASONABLE AND PRUDENT SPEED ON HIGHWAY,SB 270 / EXT 9,39.1335915,-77.2087645,No,No,No,No,No,No,No,No,No,No,No,,Warning,,21-801(a),,,VA,02 - Automobile,2022,NISSAN,SENTRA,BLACK,Warning,21-801(a),Transportation Article,False,BLACK,M,WASHINGTON,DC,DC,A - Marked Patrol,"(39.1335915, -77.2087645)"
afbeebea-603f-44bb-bca1-b571128faff1,04/30/2023,04:48:00,MCP,"1st District, Rockville",FAILURE OF INDIVIDUAL DRIVING ON HIGHWAY TO DISPLAY LICENSE TO UNIFORMED POLICE ON DEMAND,28 / TREWORTHY RD,39.1034033333333,-77.22572,No,No,No,No,No,No,No,No,No,No,No,,Warning,,21-801(a),,,MD,02 - Automobile,2009,TOYOTA,CAMRY,SILVER,Warning,16-112(c),Transportation Article,False,BLACK,M,GAITHERSBURG,MD,MD,A - Marked Patrol,"(39.1034033333333, -77.22572)"
afbeebea-603f-44bb-bca1-b571128faff1,04/30/2023,04:48:00,MCP,"1st District, Rockville",DRIVING VEHICLE IN EXCESS OF REASONABLE AND PRUDENT SPEED ON HIGHWAY,28 / TREWORTHY RD,39.1034033333333,-77.22572,No,No,No,No,No,No,No,No,No,No,No,,Warning,,21-801(a),,,MD,02 - Automobile,2009,TOYOTA,CAMRY,SILVER,Warning,21-801(a),Transportation Article,False,BLACK,M,GAITHERSBURG,MD,MD,A - Marked Patrol,"(39.1034033333333, -77.22572)"
8f51de91-5781-4923-a228-c527bfa3fce4,04/30/2023,07:06:00,MCP,"3rd District, Silver Spring",DRIVER FAILURE TO STOP AT STOP SIGN LINE,FLOWER AVE AT DOMER AVE,0,0,No,Yes,No,No,No,No,No,No,No,No,,,,,,,,MD,02 - Automobile,2014,NISSAN,ALTIMA,BLACK,Warning,21-707(a),Transportation Article,False,BLACK,M,BALTIMORE,MD,MD,A - Marked Patrol,"(0.0, 0.0)"
0eadad00-ab24-4722-b195-4c9f91f20891,04/30/2023,10:43:00,MCP,"3rd District, Silver Spring",FAILURE OF INDIVIDUAL DRIVING ON HIGHWAY TO DISPLAY LICENSE TO UNIFORMED POLICE ON DEMAND,650 AT LOCKWOOD DR,0,0,No,Yes,No,No,No,No,No,No,No,No,No,,Citation,,13-411(g),,,XX,02 - Automobile,2002,NISSAN,MAXIMA,GRAY,Warning,16-112(c),Transportation Article,False,BLACK,M,SILVER SPRING,MD,MD,A - Marked Patrol,"(0.0, 0.0)"
0eadad00-ab24-4722-b195-4c9f91f20891,04/30/2023,10:43:00,MCP,"3rd District, Silver Spring",DRIVING MOTOR VEHICLE ON HIGHWAY WITHOUT REQUIRED LICENSE AND AUTHORIZATION,650 AT LOCKWOOD DR,0,0,No,Yes,No,No,No,No,No,No,No,No,No,,Citation,,13-411(g),,,XX,02 - Automobile,2002,NISSAN,MAXIMA,GRAY,Warning,16-101(a1),Transportation Article,False,BLACK,M,SILVER SPRING,MD,MD,A - Marked Patrol,"(0.0, 0.0)"
0eadad00-ab24-4722-b195-4c9f91f20891,04/30/2023,10:43:00,MCP,"3rd District, Silver Spring",OPERATING UNREGISTERED MOTOR VEHICLE ON HIGHWAY,650 AT LOCKWOOD DR,0,0,No,Yes,No,No,No,No,No,No,No,No,No,,Citation,,13-411(g),,,XX,02 - Automobile,2002,NISSAN,MAXIMA,GRAY,Warning,13-401(b1),Transportation Article,False,BLACK,M,SILVER SPRING,MD,MD,A - Marked Patrol,"(0.0, 0.0)"
155af018-7cfc-4885-80dd-9632df5e87db,04/30/2023,04:14:00,MCP,"6th District, Gaithersburg / Montgomery Village",STANDING VEH. ON CROSSWALK,SAM EIG HWY / GREAT SENECA,0,0,No,No,No,No,No,No,No,No,No,No,No,,Warning,,21-1003(e),,,MD,02 - Automobile,2011,SUBA,FOR,BLUE,Warning,21-1003(e),Transportation Article,False,OTHER,M,DAMASCUS,MD,MD,A - Marked Patrol,"(0.0, 0.0)"
971ef50f-f138-419f-89e5-5d2cc5d7b75a,04/30/2023,23:55:00,MCP,"4th District, Wheaton",FAILURE TO DISPLAY TAB ON PLATES OF VEH. AS REQUIRED BY ADM.,KEMP MILL ROAD @ ALPERT LANE,39.0530383333333,-77.0246366666667,No,No,No,No,No,No,No,No,No,No,No,,Citation,,55*,,,MD,02 - Automobile,2013,HYUNDAI,SONATA,RED,Warning,13-410(e2),Transportation Article,False,WHITE,F,SILVER SPRING,MD,MD,A - Marked Patrol,"(39.0530383333333, -77.0246366666667)"
e9066e92-a20a-4912-82ab-1b3aa05a0e04,04/30/2023,00:47:00,MCP,"5th District, Germantown",EXCEEDING THE POSTED SPEED LIMIT OF 40 MPH,118 @ CLOPPER RD,39.16391,-77.28271,No,No,No,No,No,No,No,No,No,No,,,,,,,,MD,02 - Automobile,2020,LEXS,TK,WHITE,Warning,21-801.1,Transportation Article,False,ASIAN,M,GERMANTOWN,MD,MD,Q - Marked Laser,"(39.16391, -77.28271)"
40ad34c3-7b61-4ddd-b7cb-d0a4f1aadd80,04/30/2023,01:18:00,MCP,"4th District, Wheaton",DISPLAYING EXPIRED REGISTRATION PLATE ISSUED BY ANY STATE,GEORGIA AVE/HEWITT AVE,39.076975,-77.0698205,No,No,No,No,No,No,No,No,No,No,No,,Warning,,13-411(f),,,MD,02 - Automobile,2008,INFI,SD,SILVER,Warning,13-411(f),Transportation Article,False,BLACK,M,SILVER SPRING,MD,MD,A - Marked Patrol,"(39.076975, -77.0698205)"
788f7fbc-531c-4eb7-8400-c3018fed5fce,04/30/2023,01:59:00,MCP,"4th District, Wheaton",UNAUTHORIZED DISPLAY AND USE OF REGISTRATION PLATE,GEORGIA AVE/RAMPART WAY,39.0354148333333,-77.0497738333333,No,No,No,No,No,No,No,No,No,No,No,,Warning,,13-703(g),,,MD,02 - Automobile,2014,HOND,SP,BLACK,Warning,13-703(g),Transportation Article,False,HISPANIC,M,MIDDLE RIVER,MD,MD,A - Marked Patrol,"(39.0354148333333, -77.0497738333333)"
b6dca4a1-ad93-4b9e-915b-8bf1d5cb86ee,04/30/2023,02:26:00,MCP,"4th District, Wheaton",DRIVER FAILURE TO STOP AT STOP SIGN LINE,WEISMAN RD/GRANDVIEW AVE,39.053596,-77.0530331666667,No,No,No,No,No,No,No,No,No,No,No,,Warning,,21-707(a),,,MD,02 - Automobile,2005,JEEP,LARADO,RED,Warning,21-707(a),Transportation Article,False,HISPANIC,M,SILVER SPRING,MD,MD,A - Marked Patrol,"(39.053596, -77.0530331666667)"
1e7621ed-0ad6-41ab-bf9e-b7bbc57e6fb2,04/30/2023,02:41:00,MCP,"4th District, Wheaton",DRIVER FAILURE TO STOP AT STEADY CIRCULAR RED SIGNAL,GEORGIA AVE/RANDOLPH RD,39.0572108333333,-77.0497646666667,No,No,No,No,No,No,No,No,No,No,No,,Warning,,21-202(h1),,,MD,02 - Automobile,2019,MERZ,C300,GRAY,Warning,21-202(h1),Transportation Article,False,BLACK,M,WASHINGTON,DC,DC,A - Marked Patrol,"(39.0572108333333, -77.0497646666667)"
9d780dea-663f-4d5b-8e0d-b3d108a578d9,04/30/2023,04:06:00,MCP,"4th District, Wheaton",DRIVING VEHICLE ON HIGHWAY WITHOUT CURRENT REGISTRATION PLATES AND VALIDATION TABS,UNIVERSITY BLVD/DAYTON ST,39.0380148333333,-77.040731,No,No,No,No,No,No,No,No,No,No,No,,Warning,,13-411(d),,,VA,02 - Automobile,2015,JEEP,RENEGADE,BLACK,Warning,13-411(d),Transportation Article,False,BLACK,F,BURTONSVILLE,MD,MD,A - Marked Patrol,"(39.0380148333333, -77.040731)"
971ef50f-f138-419f-89e5-5d2cc5d7b75a,04/30/2023,23:55:00,MCP,"4th District, Wheaton",HEADLIGHTS (*),KEMP MILL ROAD @ ALPERT LANE,39.0530383333333,-77.0246366666667,No,No,No,No,No,No,No,No,No,No,No,,Citation,,55*,,,MD,02 - Automobile,2013,HYUNDAI,SONATA,RED,ESERO,55*,,False,WHITE,F,SILVER SPRING,MD,MD,A - Marked Patrol,"(39.0530383333333, -77.0246366666667)"
971ef50f-f138-419f-89e5-5d2cc5d7b75a,04/30/2023,23:55:00,MCP,"4th District, Wheaton",TAILLIGHTS (*),KEMP MILL ROAD @ ALPERT LANE,39.0530383333333,-77.0246366666667,No,No,No,No,No,No,No,No,No,No,No,,Citation,,55*,,,MD,02 - Automobile,2013,HYUNDAI,SONATA,RED,ESERO,56*,,False,WHITE,F,SILVER SPRING,MD,MD,A - Marked Patrol,"(39.0530383333333, -77.0246366666667)"
b1833131-cf32-4a27-b704-297f550e39a8,05/01/2023,17:44:00,MCP,"2nd District, Bethesda",DRIVING VEH. WHILE IMPAIRED BY ALCOHOL,7830 WISCONSIN AVE,38.9914583333333,-77.0974781666667,Yes,No,No,No,No,No,No,No,No,No,No,,Citation,,21-801(b),,,MD,05 - Light Duty Truck,2012,FORD,F350,WHITE,Citation,21-902(b1i),Transportation Article,True,BLACK,M,BETHESDA,MD,MD,A - Marked Patrol,"(38.9914583333333, -77.0974781666667)"
c48d0acd-0695-4258-882a-9a7d664145d5,05/02/2023,07:03:00,MCP,Headquarters and Special Operations,WINDOW TINT,FREDERICK RD @ CLARKSBURG RD,39.23587,-77.2754783333333,No,No,No,No,No,No,No,No,No,No,No,,Warning,,22-406(i1),,,MD,05 - Light Duty Truck,2006,DODG,PK,SILVER,ESERO,61,,False,WHITE,M,MONROVIA,MD,MD,A - Marked Patrol,"(39.23587, -77.2754783333333)"
5e393326-4b76-4d64-a2aa-08ed8bbfb656,05/01/2023,17:19:00,MCP,"4th District, Wheaton",GLASS (*),GEORGIA AVE & ARCOLA AVE,39.047105,-77.0516933333333,No,No,No,No,No,No,No,No,No,No,No,,Citation,,13-401(h),,,MD,02 - Automobile,2004,JEEP,UT,"BLUE, DARK",ESERO,61*,,False,BLACK,M,SILVER SPRING,MD,MD,A - Marked Patrol,"(39.047105, -77.0516933333333)"
fd52a213-3ba0-4586-96ad-abc39e3df24e,05/02/2023,07:10:00,MCP,Headquarters and Special Operations,EXCEEDING THE POSTED SPEED LIMIT OF 35 MPH,GREAT SENECA HWY @ FOUNTAIN CLUB RD,39.1599683333333,-77.2751866666667,No,No,No,No,No,No,No,No,No,No,,,,,,,,MD,05 - Light Duty Truck,2016,SUBA,TK,WHITE,Warning,21-801.1,Transportation Article,False,WHITE,F,MOUNT AIRY,MD,MD,Q - Marked Laser,"(39.1599683333333, -77.2751866666667)"
2d2ce542-aed0-4a12-8151-2b7ff4871cb6,05/01/2023,18:49:00,MCP,Headquarters and Special Operations,EXCEEDING THE POSTED SPEED LIMIT OF 40 MPH,FREDERICK RD/ PROFESSIONAL DR,39.16104,-77.2223828333333,No,Yes,No,No,No,No,No,No,No,No,,,,,,,,MD,05 - Light Duty Truck,2018,TOYT,HIGHLANDER,GREEN,Warning,21-801.1,Transportation Article,False,BLACK,F,GERMANTOWN,MD,MD,Q - Marked Laser,"(39.16104, -77.2223828333333)"
b835eea4-c2d5-44f1-ae26-99a90bc644e8,05/02/2023,06:48:00,MCP,Headquarters and Special Operations,EXCEEDING THE POSTED SPEED LIMIT OF 40 MPH,NB RT.27 @ APPLE ORCHARD WAY,39.2272383333333,-77.2367466666667,No,No,No,No,No,No,No,No,No,No,,,,,,,,MD,02 - Automobile,2004,NISSAN,4DR MAXIMA,N/A,Warning,21-801.1,Transportation Article,False,BLACK,M,SAVAGE,MD,MD,Q - Marked Laser,"(39.2272383333333, -77.2367466666667)"
afbe7acf-cc37-4550-b9d3-d094d3947165,05/01/2023,07:13:00,MCP,Headquarters and Special Operations,OPERATING VEHICLE ON HIGHWAY WITH UNAUTHORIZED WINDOW TINTING MATERIAL,FREDERICK RD @ ROSECREST DR,39.2185,-77.2558483333333,No,No,No,No,No,No,No,No,No,No,No,,Warning,,22-406(i1),,,MD,02 - Automobile,2018,TOYOTA,CHR,BLUE,Warning,22-406(i1),Transportation Article,False,HISPANIC,F,OWINGS MILLS,MD,MD,A - Marked Patrol,"(39.2185, -77.2558483333333)"
4257f467-ecf9-4cd4-a7b5-7154d2cd2b9d,05/01/2023,16:36:00,MCP,"2nd District, Bethesda",DRIVER FAILURE TO OBEY PROPERLY PLACED TRAFFIC CONTROL DEVICE INSTRUCTIONS,LELAND ST/46TH ST,38.98051,-77.0885383333333,No,No,No,No,No,No,No,No,No,No,No,,Warning,,21-201(a1),,,MD,02 - Automobile,2015,TOYOTA,RAV4,RED,Warning,21-201(a1),Transportation Article,False,WHITE,F,NORTH POTOMAC,MD,MD,A - Marked Patrol,"(38.98051, -77.0885383333333)"
1781f2bf-8af9-4c8c-946e-2cc39cc0cd69,05/02/2023,06:20:00,MCP,Headquarters and Special Operations,EXCEEDING THE POSTED SPEED LIMIT OF 40 MPH,NB RT118 @ DAWSON FARM RD,39.1729716666667,-77.275505,No,No,No,No,No,No,No,No,No,No,,,,,,,,MD,02 - Automobile,2021,ACURA,RDX,BLACK,Warning,21-801.1,Transportation Article,False,HISPANIC,M,BOYDS,MD,MD,Q - Marked Laser,"(39.1729716666667, -77.275505)"
aa3db4ba-d80a-4310-b3d3-5a38c0166ee9,05/01/2023,14:58:00,MCP,"3rd District, Silver Spring",DRIVER USING HANDS TO USE HANDHELD TELEPHONE WHILEMOTOR VEHICLE IS IN MOTION,GEORGIA AVE @ SLIGO AVE,38.9901638333333,-77.026859,No,No,No,No,No,No,No,No,No,No,No,,Warning,,21-1124.2(d2),,,DC,02 - Automobile,2021,NISSAN,KICKS,RED,Warning,21-1124.2(d2),Transportation Article,False,BLACK,M,WASHINGTON,DC,DC,A - Marked Patrol,"(38.9901638333333, -77.026859)"
56c1b3d7-33d5-4c6d-8c27-c10ababb8a45,07/18/2023,12:36:00,MCP,"2nd District, Bethesda",EXCEEDING POSTED MAXIMUM SPEED LIMIT: 44 MPH IN A POSTED 35 MPH ZONE,RIVER RD AT SPRINGFIELD DR,38.9679316666667,-77.1084066666667,No,No,No,No,No,No,No,No,No,No,No,,Citation,,21-801.1,,,MD,02 - Automobile,2021,MAZD,CX5,GRAY,Citation,21-801.1,Transportation Article,False,OTHER,F,POTOMAC,MD,MD,A - Marked Patrol,"(38.9679316666667, -77.1084066666667)"
8aae5dc3-8835-401a-95fb-97182189f0b8,07/19/2023,09:43:00,MCP,"2nd District, Bethesda",FAILURE VEH. TO YIELD INTERSECTION RIGHT-OF-WAY TO ANOTHER VEH.,GOLDSBORO RD AT MASSACHUSETTS AVE,38.9702833333333,-77.130325,No,No,No,No,No,No,No,No,No,No,No,,Citation,,21-401,,,DC,02 - Automobile,2018,BMW,430I,BLACK,Citation,21-401,Transportation Article,False,OTHER,M,WASHINGTON,DC,DC,A - Marked Patrol,"(38.9702833333333, -77.130325)"
45870793-3c09-4fec-80e7-0c02eaa4709a,07/15/2023,22:39:00,MCP,Headquarters and Special Operations,DRIVING VEHICLE WHILE UNDER THE INFLUENCE OF ALCOHOL,24141 KINGS VALLEY RD,39.1847145,-77.2627958333333,Yes,No,No,No,No,No,No,No,No,No,No,,Citation,,21-902(a1i),,,MD,02 - Automobile,2008,HYUN,ACCENT,RED,Citation,21-902(a1i),Transportation Article,True,WHITE,F,DAMASCUS,MD,MD,B - Unmarked Patrol,"(39.1847145, -77.2627958333333)"
45870793-3c09-4fec-80e7-0c02eaa4709a,07/15/2023,22:39:00,MCP,Headquarters and Special Operations,DRIVING VEH. WHILE IMPAIRED BY ALCOHOL,24141 KINGS VALLEY RD,39.1847145,-77.2627958333333,Yes,No,No,No,No,No,No,No,No,No,No,,Citation,,21-902(a1i),,,MD,02 - Automobile,2008,HYUN,ACCENT,RED,Citation,21-902(b1i),Transportation Article,True,WHITE,F,DAMASCUS,MD,MD,B - Unmarked Patrol,"(39.1847145, -77.2627958333333)"
45870793-3c09-4fec-80e7-0c02eaa4709a,07/15/2023,22:39:00,MCP,Headquarters and Special Operations,"NEGLIGENT DRIVING VEHICLE IN CARELESS AND IMPRUDENT MANNER ENDANGERING PROPERTY, LIFE AND PERSON",24141 KINGS VALLEY RD,39.1847145,-77.2627958333333,No,No,No,No,No,No,No,No,No,No,No,,Citation,,21-902(a1i),,,MD,02 - Automobile,2008,HYUN,ACCENT,RED,Citation,21-901.1(b),Transportation Article,False,WHITE,F,DAMASCUS,MD,MD,B - Unmarked Patrol,"(39.1847145, -77.2627958333333)"
08bc13e7-f1ba-4c26-9b05-9f770b1fd1a5,07/18/2023,17:00:00,MCP,"3rd District, Silver Spring",DRIVING MOTOR VEHICLE ON HIGHWAY WITHOUT REQUIRED LICENSE AND AUTHORIZATION,MIDDLEBROOK RD / WARING STATION RD,39.1753246666667,-77.2578975,No,No,No,No,No,No,No,No,No,No,,,,,,,,MD,02 - Automobile,2013,BMW,SD,WHITE,Citation,16-101(a1),Transportation Article,False,BLACK,M,GERMANTOWN,MD,XX,A - Marked Patrol,"(39.1753246666667, -77.2578975)"
45870793-3c09-4fec-80e7-0c02eaa4709a,07/15/2023,22:39:00,MCP,Headquarters and Special Operations,RECKLESS DRIVING VEHICLE IN WANTON AND WILLFUL DISREGARD FOR SAFETY OF PERSONS AND PROPERTY,24141 KINGS VALLEY RD,39.1847145,-77.2627958333333,No,No,No,No,No,No,No,No,No,No,No,,Citation,,21-902(a1i),,,MD,02 - Automobile,2008,HYUN,ACCENT,RED,Citation,21-901.1(a),Transportation Article,False,WHITE,F,DAMASCUS,MD,MD,B - Unmarked Patrol,"(39.1847145, -77.2627958333333)"
7fe84b5f-41a6-4ce9-b3fa-e7fe7e614b6e,05/01/2023,21:40:00,MCP,"2nd District, Bethesda",DRIVING VEHICLE WHILE UNDER THE INFLUENCE OF ALCOHOL,NEW HAMPSHIRE / LOCKWOOD DRIVE,39.0455233333333,-76.9904798333333,No,No,No,No,No,No,No,No,No,No,,,,,,,,MD,02 - Automobile,2017,HONDA,CIVIC,BLACK,Citation,21-902(a1i),Transportation Article,False,BLACK,M,SILVER SPRING,MD,MD,A - Marked Patrol,"(39.0455233333333, -76.9904798333333)"
7fe84b5f-41a6-4ce9-b3fa-e7fe7e614b6e,05/01/2023,21:40:00,MCP,"2nd District, Bethesda",DRIVING VEHICLE WHILE UNDER THE INFLUENCE OF ALCOHOL PER SE,NEW HAMPSHIRE / LOCKWOOD DRIVE,39.0455233333333,-76.9904798333333,No,No,No,No,No,No,No,No,No,No,,,,,,,,MD,02 - Automobile,2017,HONDA,CIVIC,BLACK,Citation,21-902(a1ii),Transportation Article,False,BLACK,M,SILVER SPRING,MD,MD,A - Marked Patrol,"(39.0455233333333, -76.9904798333333)"
65c20178-0598-4141-965e-c8d4a4dcc5b0,04/30/2023,18:45:00,MCP,"4th District, Wheaton",PERSON DRIVING MOTOR VEHICLE ON HIGHWAY OR PUBLIC USE PROPERTY ON SUSPENDED LICENSE AND PRIVILEGE,CONNECTICUT AVENUE @ DELANO STREET,39.05655,-77.0734983333333,No,No,No,No,No,No,No,No,No,No,No,,Citation,,21-707(a),,,MD,02 - Automobile,2011,DODGE,GRAND CARAVAN,SILVER,Citation,16-303(c),Transportation Article,False,HISPANIC,M,SILVER SPRING,MD,MD,A - Marked Patrol,"(39.05655, -77.0734983333333)"
65c20178-0598-4141-965e-c8d4a4dcc5b0,04/30/2023,18:45:00,MCP,"4th District, Wheaton",DRIVING MOTOR VEHICLE ON HIGHWAY WITHOUT REQUIRED LICENSE AND AUTHORIZATION,CONNECTICUT AVENUE @ DELANO STREET,39.05655,-77.0734983333333,No,No,No,No,No,No,No,No,No,No,No,,Citation,,21-707(a),,,MD,02 - Automobile,2011,DODGE,GRAND CARAVAN,SILVER,Citation,16-101(a1),Transportation Article,False,HISPANIC,M,SILVER SPRING,MD,MD,A - Marked Patrol,"(39.05655, -77.0734983333333)"
65c20178-0598-4141-965e-c8d4a4dcc5b0,04/30/2023,18:45:00,MCP,"4th District, Wheaton",DRIVING VEHICLE ON HIGHWAY WITH SUSPENDED REGISTRATION,CONNECTICUT AVENUE @ DELANO STREET,39.05655,-77.0734983333333,No,No,No,No,No,No,No,No,No,No,No,,Citation,,21-707(a),,,MD,02 - Automobile,2011,DODGE,GRAND CARAVAN,SILVER,Citation,13-401(h),Transportation Article,False,HISPANIC,M,SILVER SPRING,MD,MD,A - Marked Patrol,"(39.05655, -77.0734983333333)"
659a9f84-b1d6-4f35-b552-102052fcb51a,04/30/2023,18:04:00,MCP,"3rd District, Silver Spring",DRIVING VEHICLE WHILE UNDER THE INFLUENCE OF ALCOHOL,11311 LOCKWOOD DRIVE,0,0,Yes,No,No,No,No,No,No,No,No,No,No,,Citation,,21-902(a1i),,,MD,02 - Automobile,2000,FORD,TK,WHITE,Citation,21-902(a1i),Transportation Article,True,HISPANIC,M,TAKOMA PARK,MD,XX,A - Marked Patrol,"(0.0, 0.0)"
659a9f84-b1d6-4f35-b552-102052fcb51a,04/30/2023,18:04:00,MCP,"3rd District, Silver Spring",DRIVING VEH. WHILE IMPAIRED BY ALCOHOL,11311 LOCKWOOD DRIVE,0,0,Yes,No,No,No,No,No,No,No,No,No,No,,Citation,,21-902(a1i),,,MD,02 - Automobile,2000,FORD,TK,WHITE,Citation,21-902(b1i),Transportation Article,True,HISPANIC,M,TAKOMA PARK,MD,XX,A - Marked Patrol,"(0.0, 0.0)"
659a9f84-b1d6-4f35-b552-102052fcb51a,04/30/2023,18:04:00,MCP,"3rd District, Silver Spring","NEGLIGENT DRIVING VEHICLE IN CARELESS AND IMPRUDENT MANNER ENDANGERING PROPERTY, LIFE AND PERSON",11311 LOCKWOOD DRIVE,0,0,Yes,No,No,No,No,No,No,No,No,No,No,,Citation,,21-902(a1i),,,MD,02 - Automobile,2000,FORD,TK,WHITE,Citation,21-901.1(b),Transportation Article,True,HISPANIC,M,TAKOMA PARK,MD,XX,A - Marked Patrol,"(0.0, 0.0)"
659a9f84-b1d6-4f35-b552-102052fcb51a,04/30/2023,18:04:00,MCP,"3rd District, Silver Spring",RECKLESS DRIVING VEHICLE IN WANTON AND WILLFUL DISREGARD FOR SAFETY OF PERSONS AND PROPERTY,11311 LOCKWOOD DRIVE,0,0,Yes,No,No,No,No,No,No,No,No,No,No,,Citation,,21-902(a1i),,,MD,02 - Automobile,2000,FORD,TK,WHITE,Citation,21-901.1(a),Transportation Article,True,HISPANIC,M,TAKOMA PARK,MD,XX,A - Marked Patrol,"(0.0, 0.0)"
659a9f84-b1d6-4f35-b552-102052fcb51a,04/30/2023,18:04:00,MCP,"3rd District, Silver Spring",FAILURE TO CONTROL VEHICLE SPEED ON HIGHWAY TO AVOID COLLISION,11311 LOCKWOOD DRIVE,0,0,Yes,No,No,No,No,No,No,No,No,No,No,,Citation,,21-902(a1i),,,MD,02 - Automobile,2000,FORD,TK,WHITE,Citation,21-801(b),Transportation Article,True,HISPANIC,M,TAKOMA PARK,MD,XX,A - Marked Patrol,"(0.0, 0.0)"
659a9f84-b1d6-4f35-b552-102052fcb51a,04/30/2023,18:04:00,MCP,"3rd District, Silver Spring",DRIVING MOTOR VEHICLE ON HIGHWAY WITHOUT REQUIRED LICENSE AND AUTHORIZATION,11311 LOCKWOOD DRIVE,0,0,No,No,No,No,No,No,No,No,No,No,No,,Citation,,21-902(a1i),,,MD,02 - Automobile,2000,FORD,TK,WHITE,Citation,16-101(a1),Transportation Article,False,HISPANIC,M,TAKOMA PARK,MD,XX,A - Marked Patrol,"(0.0, 0.0)"
659a9f84-b1d6-4f35-b552-102052fcb51a,04/30/2023,18:04:00,MCP,"3rd District, Silver Spring",UNSAFE BACKING OF MOTOR VEH.,11311 LOCKWOOD DRIVE,0,0,Yes,No,No,No,No,No,No,No,No,No,No,,Citation,,21-902(a1i),,,MD,02 - Automobile,2000,FORD,TK,WHITE,Citation,21-1102(a),Transportation Article,True,HISPANIC,M,TAKOMA PARK,MD,XX,A - Marked Patrol,"(0.0, 0.0)"
c6dcd1f7-7c4a-468e-b2e6-731be18c2621,04/30/2023,18:09:00,MCP,"2nd District, Bethesda",EXCEEDING POSTED MAXIMUM SPEED LIMIT: 55 MPH IN A POSTED 35 MPH ZONE,GEORGIA  AVE/ GLENALLEN AVE,39.0606568333333,-77.0516828333333,No,No,No,No,No,No,No,No,No,No,,,,,,,,MD,02 - Automobile,2012,TOYOTA,CAMRY,SILVER,Citation,21-801.1,Transportation Article,False,HISPANIC,M,WHEATON,MD,MD,A - Marked Patrol,"(39.0606568333333, -77.0516828333333)"
cf81c5ff-416c-4849-bfac-184323fcf771,04/30/2023,18:22:00,MCP,"2nd District, Bethesda",DISPLAYING EXPIRED REGISTRATION PLATE ISSUED BY ANY STATE,GEORGIA AVE/ RANDOLPH RD,39.0582326666667,-77.0492313333333,No,No,No,No,No,No,No,No,No,No,,,,,,,,MD,02 - Automobile,2012,GMC,SIERRA 1500,GRAY,Citation,13-411(f),Transportation Article,False,HISPANIC,M,SILVER SPRING,MD,MD,A - Marked Patrol,"(39.0582326666667, -77.0492313333333)"
cf81c5ff-416c-4849-bfac-184323fcf771,04/30/2023,18:22:00,MCP,"2nd District, Bethesda",DRIVING MOTOR VEHICLE ON HIGHWAY WITHOUT REQUIRED LICENSE AND AUTHORIZATION,GEORGIA AVE/ RANDOLPH RD,39.0582326666667,-77.0492313333333,No,No,No,No,No,No,No,No,No,No,,,,,,,,MD,02 - Automobile,2012,GMC,SIERRA 1500,GRAY,Citation,16-101(a1),Transportation Article,False,HISPANIC,M,SILVER SPRING,MD,MD,A - Marked Patrol,"(39.0582326666667, -77.0492313333333)"
82ee44f7-bbb2-45b7-8214-e0d277c2e7a4,04/30/2023,02:28:00,MCP,"6th District, Gaithersburg / Montgomery Village",DRIVER ENTERING INTERSECTION AT FLASHING RED TRAFFIC SIGNAL WITHOUT STOPPING,LOST KNIFE RD @ MONTGOMERY VILLAGE AVE,39.15811,-77.213935,No,No,No,No,No,No,No,No,No,No,,,,,,,,MD,02 - Automobile,2015,CHRY,4S,BLACK,Citation,21-204(d),Transportation Article,False,BLACK,M,CLARKSBURG,MD,MD,A - Marked Patrol,"(39.15811, -77.213935)"
7b510198-fbec-4b36-9029-bfd737d031d6,05/01/2023,01:05:00,MCP,"1st District, Rockville",DRIVING VEHICLE ON HIGHWAY WITH SUSPENDED REGISTRATION,VEIRS MILL ROAD / FIRST STREET,39.0799401988412,-77.1382363868539,No,No,No,No,No,No,No,No,No,No,No,,Citation,,13-401(h),,,MD,06 - Heavy Duty Truck,2002,FORD,F350,GRAY,Citation,13-401(h),Transportation Article,False,OTHER,M,ROCKVILLE,MD,MD,A - Marked Patrol,"(39.0799401988412, -77.1382363868539)"
7b510198-fbec-4b36-9029-bfd737d031d6,05/01/2023,01:05:00,MCP,"1st District, Rockville",PERSON DRIVING MOTOR VEHICLE ON HIGHWAY OR PUBLIC USE PROPERTY ON SUSPENDED LICENSE AND PRIVILEGE,VEIRS MILL ROAD / FIRST STREET,39.0799401988412,-77.1382363868539,No,No,No,No,No,No,No,No,No,No,No,,Citation,,13-401(h),,,MD,06 - Heavy Duty Truck,2002,FORD,F350,GRAY,Citation,16-303(c),Transportation Article,False,OTHER,M,ROCKVILLE,MD,MD,A - Marked Patrol,"(39.0799401988412, -77.1382363868539)"
7b510198-fbec-4b36-9029-bfd737d031d6,05/01/2023,01:05:00,MCP,"1st District, Rockville",DRIVING WHILE LIC. SUSP. UNDER 26-204/206,VEIRS MILL ROAD / FIRST STREET,39.0799401988412,-77.1382363868539,No,No,No,No,No,No,No,No,No,No,No,,Citation,,13-401(h),,,MD,06 - Heavy Duty Truck,2002,FORD,F350,GRAY,Citation,16-303(h),Transportation Article,False,OTHER,M,ROCKVILLE,MD,MD,A - Marked Patrol,"(39.0799401988412, -77.1382363868539)"
7b510198-fbec-4b36-9029-bfd737d031d6,05/01/2023,01:05:00,MCP,"1st District, Rockville",DRIVING MOTOR VEHICLE ON HIGHWAY WITHOUT REQUIRED LICENSE AND AUTHORIZATION,VEIRS MILL ROAD / FIRST STREET,39.0799401988412,-77.1382363868539,No,No,No,No,No,No,No,No,No,No,No,,Citation,,13-401(h),,,MD,06 - Heavy Duty Truck,2002,FORD,F350,GRAY,Citation,16-101(a1),Transportation Article,False,OTHER,M,ROCKVILLE,MD,MD,A - Marked Patrol,"(39.0799401988412, -77.1382363868539)"
7b510198-fbec-4b36-9029-bfd737d031d6,05/01/2023,01:05:00,MCP,"1st District, Rockville",DRIVING VEHICLE ON HIGHWAY WITHOUT CURRENT REGISTRATION PLATES AND VALIDATION TABS,VEIRS MILL ROAD / FIRST STREET,39.0799401988412,-77.1382363868539,No,No,No,No,No,No,No,No,No,No,No,,Citation,,13-401(h),,,MD,06 - Heavy Duty Truck,2002,FORD,F350,GRAY,Citation,13-411(d),Transportation Article,False,OTHER,M,ROCKVILLE,MD,MD,A - Marked Patrol,"(39.0799401988412, -77.1382363868539)"
5e74d843-e77e-4e05-8d98-1fd44aa00303,04/30/2023,21:51:00,MCP,Headquarters and Special Operations,UNSAFE LANE CHANGING,WB ICC @ MD 650 NEW HAMPSHIRE AVENUE,39.0877418333333,-77.0108441666667,No,No,No,No,No,No,No,No,No,No,Yes,Nothing,Warning,Consensual,61,Both,,MD,02 - Automobile,2018,TOYOTA,CAMRY,SILVER,Warning,21-309(b),Transportation Article,False,BLACK,M,BROOKLYN,NY,NY,B - Unmarked Patrol,"(39.0877418333333, -77.0108441666667)"
c46f3633-ef0a-491c-b817-c3bbeac33336,05/01/2023,00:10:00,MCP,"1st District, Rockville",DRIVER FAILURE TO STOP AT STEADY CIRCULAR RED SIGNAL,PARKLAND DR / VEIRS MILL RD,0,0,No,No,No,No,No,No,No,No,No,No,No,,Warning,,21-202(h1),,,DC,03 - Station Wagon,2021,SUBARU,CROSSTREK SW,WHITE,Warning,21-202(h1),Transportation Article,False,OTHER,F,WASHINGTON,DC,MD,A - Marked Patrol,"(0.0, 0.0)"
c46f3633-ef0a-491c-b817-c3bbeac33336,05/01/2023,00:10:00,MCP,"1st District, Rockville",DRIVER MAKING IMPROPER TURN AT INTERSECTION,PARKLAND DR / VEIRS MILL RD,0,0,No,No,No,No,No,No,No,No,No,No,No,,Warning,,21-202(h1),,,DC,03 - Station Wagon,2021,SUBARU,CROSSTREK SW,WHITE,Warning,21-604(a),Transportation Article,False,OTHER,F,WASHINGTON,DC,MD,A - Marked Patrol,"(0.0, 0.0)"
c46f3633-ef0a-491c-b817-c3bbeac33336,05/01/2023,00:10:00,MCP,"1st District, Rockville",FAILURE TO DISPLAY REGISTRATION CARD UPON DEMAND BY POLICE OFFICER,PARKLAND DR / VEIRS MILL RD,0,0,No,No,No,No,No,No,No,No,No,No,No,,Warning,,21-202(h1),,,DC,03 - Station Wagon,2021,SUBARU,CROSSTREK SW,WHITE,Warning,13-409(b),Transportation Article,False,OTHER,F,WASHINGTON,DC,MD,A - Marked Patrol,"(0.0, 0.0)"
c46f3633-ef0a-491c-b817-c3bbeac33336,05/01/2023,00:10:00,MCP,"1st District, Rockville","FAILURE OF VEH. ON HWY. TO DISPLAY LIGHTED LAMPS, ILLUMINATING DEVICE IN UNFAVORABLE VISIBILITY COND",PARKLAND DR / VEIRS MILL RD,0,0,No,No,No,No,No,No,No,No,No,No,No,,Warning,,21-202(h1),,,DC,03 - Station Wagon,2021,SUBARU,CROSSTREK SW,WHITE,Warning,22-201.1,Transportation Article,False,OTHER,F,WASHINGTON,DC,MD,A - Marked Patrol,"(0.0, 0.0)"
6b13796d-4222-49ee-a4e1-012e4b88e5ec,05/01/2023,00:42:00,MCP,"1st District, Rockville",DRIVER FAILURE TO OBEY PROPERLY PLACED TRAFFIC CONTROL DEVICE INSTRUCTIONS,TWINBROOK PKWY / ROCKVILLE PIKE,0,0,No,No,No,No,No,No,No,No,No,No,No,,Warning,,21-201(a1),,,FL,28 - Other,2011,MERCEDES BENZ,ML350 SUV,WHITE,Warning,21-201(a1),Transportation Article,False,WHITE,M,FORT LAUDERDALE,FL,FL,A - Marked Patrol,"(0.0, 0.0)"
6b13796d-4222-49ee-a4e1-012e4b88e5ec,05/01/2023,00:42:00,MCP,"1st District, Rockville",DRIVER MAKING IMPROPER TURN AT INTERSECTION,TWINBROOK PKWY / ROCKVILLE PIKE,0,0,No,No,No,No,No,No,No,No,No,No,No,,Warning,,21-201(a1),,,FL,28 - Other,2011,MERCEDES BENZ,ML350 SUV,WHITE,Warning,21-604(a),Transportation Article,False,WHITE,M,FORT LAUDERDALE,FL,FL,A - Marked Patrol,"(0.0, 0.0)"
6b13796d-4222-49ee-a4e1-012e4b88e5ec,05/01/2023,00:42:00,MCP,"1st District, Rockville",UNAUTHORIZED DISPLAY AND USE OF REGISTRATION PLATE,TWINBROOK PKWY / ROCKVILLE PIKE,0,0,No,No,No,No,No,No,No,No,No,No,No,,Warning,,21-201(a1),,,FL,28 - Other,2011,MERCEDES BENZ,ML350 SUV,WHITE,Warning,13-703(g),Transportation Article,False,WHITE,M,FORT LAUDERDALE,FL,FL,A - Marked Patrol,"(0.0, 0.0)"
7b510198-fbec-4b36-9029-bfd737d031d6,05/01/2023,01:05:00,MCP,"1st District, Rockville",KNOWINGLY DRIVING UNINSURED VEHICLE,VEIRS MILL ROAD / FIRST STREET,39.0799401988412,-77.1382363868539,No,No,No,No,No,No,No,No,No,No,No,,Citation,,13-401(h),,,MD,06 - Heavy Duty Truck,2002,FORD,F350,GRAY,Warning,17-107(a1),Transportation Article,False,OTHER,M,ROCKVILLE,MD,MD,A - Marked Patrol,"(39.0799401988412, -77.1382363868539)"
7b510198-fbec-4b36-9029-bfd737d031d6,05/01/2023,01:05:00,MCP,"1st District, Rockville",DISPLAY SUSPENDED LIC.,VEIRS MILL ROAD / FIRST STREET,39.0799401988412,-77.1382363868539,No,No,No,No,No,No,No,No,No,No,No,,Citation,,13-401(h),,,MD,06 - Heavy Duty Truck,2002,FORD,F350,GRAY,Warning,16-301(e),Transportation Article,False,OTHER,M,ROCKVILLE,MD,MD,A - Marked Patrol,"(39.0799401988412, -77.1382363868539)"
7b510198-fbec-4b36-9029-bfd737d031d6,05/01/2023,01:05:00,MCP,"1st District, Rockville",POSSESSING SUSPENDED LIC.,VEIRS MILL ROAD / FIRST STREET,39.0799401988412,-77.1382363868539,No,No,No,No,No,No,No,No,No,No,No,,Citation,,13-401(h),,,MD,06 - Heavy Duty Truck,2002,FORD,F350,GRAY,Warning,16-301(j),Transportation Article,False,OTHER,M,ROCKVILLE,MD,MD,A - Marked Patrol,"(39.0799401988412, -77.1382363868539)"
67411a7d-2352-4b9a-a1ce-2aa31f5e3fda,04/30/2023,16:16:00,MCP,"6th District, Gaithersburg / Montgomery Village",DRIVER WHEN TURNING LEFT FAIL TO YIELD RIGHT OF WAY TO VEHICLE APPROACHING FROM OPPOSITE DIRECTION,20068 GOSHEN RD,39.1867473333333,-77.1871893333333,No,No,No,No,No,No,No,No,No,No,,,,,,,,MD,02 - Automobile,2014,GMC,TERRAIN,GRAY,Warning,21-402(a),Transportation Article,False,BLACK,F,GAITHERSBURG,MD,MD,A - Marked Patrol,"(39.1867473333333, -77.1871893333333)"
67411a7d-2352-4b9a-a1ce-2aa31f5e3fda,04/30/2023,16:16:00,MCP,"6th District, Gaithersburg / Montgomery Village",FAILURE TO CONTROL VEHICLE SPEED ON HIGHWAY TO AVOID COLLISION,20068 GOSHEN RD,39.1867473333333,-77.1871893333333,No,No,No,No,No,No,No,No,No,No,,,,,,,,MD,02 - Automobile,2014,GMC,TERRAIN,GRAY,Warning,21-801(b),Transportation Article,False,BLACK,F,GAITHERSBURG,MD,MD,A - Marked Patrol,"(39.1867473333333, -77.1871893333333)"
bc011678-b764-49cb-a03d-18effe30afb3,04/30/2023,16:10:00,MCP,"3rd District, Silver Spring",DRIVER FAILURE TO OBEY PROPERLY PLACED TRAFFIC CONTROL DEVICE INSTRUCTIONS,GEORGIA AVE/FIDLER LN,38.9967516666667,-77.0292133333333,No,No,No,No,No,No,No,No,No,No,No,,Warning,,21-201(a1),,,MD,02 - Automobile,2015,NISSAN,PATHFINDER,SILVER,Warning,21-201(a1),Transportation Article,False,HISPANIC,M,MONTGOMERY VILLAGE,MD,MD,A - Marked Patrol,"(38.9967516666667, -77.0292133333333)"
bc011678-b764-49cb-a03d-18effe30afb3,04/30/2023,16:10:00,MCP,"3rd District, Silver Spring",DRIVING VEHICLE ON HIGHWAY WITH SUSPENDED REGISTRATION,GEORGIA AVE/FIDLER LN,38.9967516666667,-77.0292133333333,No,No,No,No,No,No,No,No,No,No,No,,Warning,,21-201(a1),,,MD,02 - Automobile,2015,NISSAN,PATHFINDER,SILVER,Warning,13-401(h),Transportation Article,False,HISPANIC,M,MONTGOMERY VILLAGE,MD,MD,A - Marked Patrol,"(38.9967516666667, -77.0292133333333)"
e8af6e60-7217-479e-a577-ca37c39c3e4f,04/30/2023,16:58:00,MCP,"4th District, Wheaton",DRIVER FAILING TO MAKE LEFT TURN FROM LEFT TURN LANE,VEIRS MILL RD @ UNIVERSITY BLVD W,39.040818,-77.0538371666667,No,No,No,No,No,No,No,No,No,No,No,,Warning,,21-309(i),,,MD,02 - Automobile,2009,SCION,XD,SILVER,Warning,21-309(i),Transportation Article,False,WHITE,M,ROCKVILLE,MD,MD,A - Marked Patrol,"(39.040818, -77.0538371666667)"
2ffdc9e4-79d1-4196-bbc5-3e8fa5c9dbab,04/30/2023,20:00:00,MCP,"3rd District, Silver Spring",LEFT TURN FROM IMPROPER ROAD POSITION,COLESVILLE RD @ TIMBERWOOD,39.0216866666667,-77.0122583333333,No,No,No,No,No,No,No,No,No,No,,,,,,,,VA,02 - Automobile,2001,HONDA,ACCORD,BEIGE,Warning,21-601(b),Transportation Article,False,BLACK,M,LANHAM,MD,MD,A - Marked Patrol,"(39.0216866666667, -77.0122583333333)"
74c359a4-db5a-4205-847c-5d476238962c,04/30/2023,20:27:00,MCP,"6th District, Gaithersburg / Montgomery Village",DRIVER FAILURE TO OBEY PROPERLY PLACED TRAFFIC CONTROL DEVICE INSTRUCTIONS,W WATKINS MILL/ 270 S RAMP,39.1565671666667,-77.2250201666667,No,No,No,No,No,No,No,No,No,No,No,,Warning,,21-1003(d),,,PA,02 - Automobile,2016,INFINITI,QX60,GRAY,Warning,21-201(a1),Transportation Article,False,BLACK,F,BETHESDA,MD,MD,A - Marked Patrol,"(39.1565671666667, -77.2250201666667)"
74c359a4-db5a-4205-847c-5d476238962c,04/30/2023,20:27:00,MCP,"6th District, Gaithersburg / Montgomery Village",STOPPING VEH. IN INTERSECTION,W WATKINS MILL/ 270 S RAMP,39.1565671666667,-77.2250201666667,No,No,No,No,No,No,No,No,No,No,No,,Warning,,21-1003(d),,,PA,02 - Automobile,2016,INFINITI,QX60,GRAY,Warning,21-1003(d),Transportation Article,False,BLACK,F,BETHESDA,MD,MD,A - Marked Patrol,"(39.1565671666667, -77.2250201666667)"
bd0fee5b-eaa3-48d4-9084-9796d776fe75,04/30/2023,20:44:00,MCP,"1st District, Rockville",FAILURE TO DISPLAY TWO LIGHTED FRONT LAMPS WHEN REQUIRED,MUDDY BRANCH AT DARNESTOWN,39.1907666666667,-77.2429283333333,No,No,No,No,No,No,No,No,No,No,No,,Warning,,22-226(a),,,VA,02 - Automobile,2012,SUBARU,FORESTER,SILVER,Warning,22-226(a),Transportation Article,False,WHITE,M,ALEXANDRIA,VA,VA,A - Marked Patrol,"(39.1907666666667, -77.2429283333333)"
db4fdf2c-1386-4668-a9af-45ad31883c7b,04/30/2023,22:29:00,MCP,"1st District, Rockville",FAILURE TO DISPLAY TWO LIGHTED FRONT LAMPS WHEN REQUIRED,SHADY GROVE RD / BLACKWELL,39.0999483333333,-77.1921016666667,No,No,No,No,No,No,No,No,No,No,No,,Warning,,22-226(a),,,MD,02 - Automobile,2016,TOYT,TK,SILVER,Warning,22-226(a),Transportation Article,False,BLACK,M,GAITHERSBURG,MD,MD,A - Marked Patrol,"(39.0999483333333, -77.1921016666667)"
db4fdf2c-1386-4668-a9af-45ad31883c7b,04/30/2023,22:29:00,MCP,"1st District, Rockville","DRIVING MOTOR VEH NOT IN ACCORDW/ EQUIP., PERF, & OTHER TECH STANDARDS",SHADY GROVE RD / BLACKWELL,39.0999483333333,-77.1921016666667,No,No,No,No,No,No,No,No,No,No,No,,Warning,,22-226(a),,,MD,02 - Automobile,2016,TOYT,TK,SILVER,Warning,23-104,Transportation Article,False,BLACK,M,GAITHERSBURG,MD,MD,A - Marked Patrol,"(39.0999483333333, -77.1921016666667)"
db4fdf2c-1386-4668-a9af-45ad31883c7b,04/30/2023,22:29:00,MCP,"1st District, Rockville",DRIVING VEH. W/O ADEQUATE REAR REG. PLATE ILLUMINATION,SHADY GROVE RD / BLACKWELL,39.0999483333333,-77.1921016666667,No,No,No,No,No,No,No,No,No,No,No,,Warning,,22-226(a),,,MD,02 - Automobile,2016,TOYT,TK,SILVER,Warning,22-204(f),Transportation Article,False,BLACK,M,GAITHERSBURG,MD,MD,A - Marked Patrol,"(39.0999483333333, -77.1921016666667)"
a2cbd84c-5593-4ba9-bb09-6c5cc7916e2c,04/30/2023,23:47:00,MCP,"1st District, Rockville",FAILURE TO DISPLAY TWO LIGHTED FRONT LAMPS WHEN REQUIRED,355 / N CAMPUS DR,39.0997316666667,-77.1542233333333,No,No,No,No,No,No,No,No,No,No,No,,Warning,,22-226(a),,,MD,02 - Automobile,2012,MAZD,UT,"BLUE, DARK",Warning,22-226(a),Transportation Article,False,BLACK,M,GAITHERSBURG,MD,MD,A - Marked Patrol,"(39.0997316666667, -77.1542233333333)"
a2cbd84c-5593-4ba9-bb09-6c5cc7916e2c,04/30/2023,23:47:00,MCP,"1st District, Rockville","DRIVING MOTOR VEH NOT IN ACCORDW/ EQUIP., PERF, & OTHER TECH STANDARDS",355 / N CAMPUS DR,39.0997316666667,-77.1542233333333,No,No,No,No,No,No,No,No,No,No,No,,Warning,,22-226(a),,,MD,02 - Automobile,2012,MAZD,UT,"BLUE, DARK",Warning,23-104,Transportation Article,False,BLACK,M,GAITHERSBURG,MD,MD,A - Marked Patrol,"(39.0997316666667, -77.1542233333333)"
dce9328b-e5c1-4877-b78b-a1d7235915cd,04/30/2023,22:46:00,MCP,"5th District, Germantown",OPERATING VEHICLE ON HIGHWAY WITH UNAUTHORIZED WINDOW TINTING MATERIAL,CENTURY @ AIRCRAFT,39.183595,-77.2619083333333,No,No,No,No,No,No,No,No,No,No,,,,,,,,MD,02 - Automobile,2004,GMC,TRK,SILVER,Warning,22-406(i1),Transportation Article,False,HISPANIC,M,GERMATOWN,MD,MD,A - Marked Patrol,"(39.183595, -77.2619083333333)"
1cb4739a-6131-44d9-932d-30a7869899e3,04/30/2023,20:54:00,MCP,"1st District, Rockville",DRIVING VEH. W/O ADEQUATE REAR REG. PLATE ILLUMINATION,28 / MUDDY BRANCH ROAD,39.1439816666667,-77.1563983333333,No,No,No,No,No,No,No,No,No,No,No,,Warning,,22-204(a),,,MD,02 - Automobile,2007,TOYOTA,HIGHLANDER,BLUE,Warning,22-204(f),Transportation Article,False,WHITE,F,GAITHERSBURG,MD,MD,A - Marked Patrol,"(39.1439816666667, -77.1563983333333)"
1cb4739a-6131-44d9-932d-30a7869899e3,04/30/2023,20:54:00,MCP,"1st District, Rockville","MOTOR VEH. MFR. AFTER JUNE 1, 1971, W/O ADEQUATE TAIL LAMPS",28 / MUDDY BRANCH ROAD,39.1439816666667,-77.1563983333333,No,No,No,No,No,No,No,No,No,No,No,,Warning,,22-204(a),,,MD,02 - Automobile,2007,TOYOTA,HIGHLANDER,BLUE,Warning,22-204(a),Transportation Article,False,WHITE,F,GAITHERSBURG,MD,MD,A - Marked Patrol,"(39.1439816666667, -77.1563983333333)"
9229ea61-1417-47a2-bac0-90c661fda4e6,04/30/2023,22:14:00,MCP,"1st District, Rockville",DISPLAYING EXPIRED REGISTRATION PLATE ISSUED BY ANY STATE,355 / INDIANOLA DRIVE,39.1128133333333,-77.1624816666667,No,No,No,No,No,No,No,No,No,No,No,,Warning,,13-411(f),,,MD,02 - Automobile,2020,FORD,MUSTANG,WHITE,Warning,13-411(f),Transportation Article,False,WHITE,M,GERMANTOWN,MD,MD,A - Marked Patrol,"(39.1128133333333, -77.1624816666667)"
9229ea61-1417-47a2-bac0-90c661fda4e6,04/30/2023,22:14:00,MCP,"1st District, Rockville",DRIVING VEHICLE ON HIGHWAY WITHOUT CURRENT REGISTRATION PLATES AND VALIDATION TABS,355 / INDIANOLA DRIVE,39.1128133333333,-77.1624816666667,No,No,No,No,No,No,No,No,No,No,No,,Warning,,13-411(f),,,MD,02 - Automobile,2020,FORD,MUSTANG,WHITE,Warning,13-411(d),Transportation Article,False,WHITE,M,GERMANTOWN,MD,MD,A - Marked Patrol,"(39.1128133333333, -77.1624816666667)"
9229ea61-1417-47a2-bac0-90c661fda4e6,04/30/2023,22:14:00,MCP,"1st District, Rockville",FAILURE TO PROPERLY PLACE REGISTRATION PLATE TO VEHICLE,355 / INDIANOLA DRIVE,39.1128133333333,-77.1624816666667,No,No,No,No,No,No,No,No,No,No,No,,Warning,,13-411(f),,,MD,02 - Automobile,2020,FORD,MUSTANG,WHITE,Warning,13-411(c1ii),Transportation Article,False,WHITE,M,GERMANTOWN,MD,MD,A - Marked Patrol,"(39.1128133333333, -77.1624816666667)"
9229ea61-1417-47a2-bac0-90c661fda4e6,04/30/2023,22:14:00,MCP,"1st District, Rockville",FAILURE TO DISPLAY REGISTRATION CARD UPON DEMAND BY POLICE OFFICER,355 / INDIANOLA DRIVE,39.1128133333333,-77.1624816666667,No,No,No,No,No,No,No,No,No,No,No,,Warning,,13-411(f),,,MD,02 - Automobile,2020,FORD,MUSTANG,WHITE,Warning,13-409(b),Transportation Article,False,WHITE,M,GERMANTOWN,MD,MD,A - Marked Patrol,"(39.1128133333333, -77.1624816666667)"
df3c4c9b-ca58-4133-a7a7-0438eba5f671,05/01/2023,00:04:00,MCP,"1st District, Rockville",DRIVING VEH. W/O ADEQUATE REAR REG. PLATE ILLUMINATION,28 / MUDDY BRANCH ROAD,39.1031333333333,-77.222035,No,No,No,No,No,Yes,No,No,No,No,No,,Warning,,22-204(f),,,MD,02 - Automobile,2002,TOYOTA,CAMRY,BLACK,Warning,22-204(f),Transportation Article,False,BLACK,M,NORTH POTOMAC,MD,MD,A - Marked Patrol,"(39.1031333333333, -77.222035)"
0d450721-d54c-4ab5-b7d4-15bddd7898d8,04/30/2023,23:56:00,MCP,"1st District, Rockville","FAILURE OF DR. TO MAKE LANE CH. TO AVAIL. LANE NOT IMMED. ADJ TO STOPPED, STANDING, PARKED VEH.",HUNGERFORD DR / N CAMPUS DR,39.10633,-77.1580733333333,No,No,No,No,No,No,No,No,No,No,,,,,,,,MD,02 - Automobile,2002,HONDA,CIVIC,SILVER,Warning,21-405(e2I),Transportation Article,False,HISPANIC,M,GAITHERSBURG,MD,MD,A - Marked Patrol,"(39.10633, -77.1580733333333)"
4d2c9ca4-4ea3-47c6-99b8-3d7154048a48,04/30/2023,17:41:00,MCP,"2nd District, Bethesda",DISPLAYING EXPIRED REGISTRATION PLATE ISSUED BY ANY STATE,NEW HAMPSHIRE AVE/ ELTON RD,39.0203066666667,-76.976289,No,No,No,No,No,No,No,No,No,No,No,,Warning,,13-411(f),,,MD,02 - Automobile,2004,GMC,ENVOY,RED,Warning,13-411(f),Transportation Article,False,HISPANIC,M,SILVER SPRING,MD,MD,A - Marked Patrol,"(39.0203066666667, -76.976289)"
c6dcd1f7-7c4a-468e-b2e6-731be18c2621,04/30/2023,18:09:00,MCP,"2nd District, Bethesda",OPERATING VEHICLE ON HIGHWAY WITH UNAUTHORIZED WINDOW TINTING MATERIAL,GEORGIA  AVE/ GLENALLEN AVE,39.0606568333333,-77.0516828333333,No,No,No,No,No,No,No,No,No,No,,,,,,,,MD,02 - Automobile,2012,TOYOTA,CAMRY,SILVER,Warning,22-406(i1),Transportation Article,False,HISPANIC,M,WHEATON,MD,MD,A - Marked Patrol,"(39.0606568333333, -77.0516828333333)"
c6dcd1f7-7c4a-468e-b2e6-731be18c2621,04/30/2023,18:09:00,MCP,"2nd District, Bethesda",FAIL TO MAINT. LEG REG PLATE FROM  COVERSFOR FRAME,GEORGIA  AVE/ GLENALLEN AVE,39.0606568333333,-77.0516828333333,No,No,No,No,No,No,No,No,No,No,,,,,,,,MD,02 - Automobile,2012,TOYOTA,CAMRY,SILVER,Warning,13-411(c1I),Transportation Article,False,HISPANIC,M,WHEATON,MD,MD,A - Marked Patrol,"(39.0606568333333, -77.0516828333333)"
cf81c5ff-416c-4849-bfac-184323fcf771,04/30/2023,18:22:00,MCP,"2nd District, Bethesda",DRIVING VEHICLE ON HIGHWAY WITHOUT CURRENT REGISTRATION PLATES AND VALIDATION TABS,GEORGIA AVE/ RANDOLPH RD,39.0582326666667,-77.0492313333333,No,No,No,No,No,No,No,No,No,No,,,,,,,,MD,02 - Automobile,2012,GMC,SIERRA 1500,GRAY,Warning,13-411(d),Transportation Article,False,HISPANIC,M,SILVER SPRING,MD,MD,A - Marked Patrol,"(39.0582326666667, -77.0492313333333)"
65c20178-0598-4141-965e-c8d4a4dcc5b0,04/30/2023,18:45:00,MCP,"4th District, Wheaton",FAILURE TO STOP AT STOP SIGN,CONNECTICUT AVENUE @ DELANO STREET,39.05655,-77.0734983333333,No,No,No,No,No,No,No,No,No,No,No,,Citation,,21-707(a),,,MD,02 - Automobile,2011,DODGE,GRAND CARAVAN,SILVER,Warning,21-707(a),Transportation Article,False,HISPANIC,M,SILVER SPRING,MD,MD,A - Marked Patrol,"(39.05655, -77.0734983333333)"
4141bf21-c21e-42c9-a639-94a36a064499,04/30/2023,22:56:00,MCP,"4th District, Wheaton",UNAUTHORIZED DISPLAY AND USE OF REGISTRATION PLATE,BEL PRE RD/BEL PRE DR,39.0905078333333,-77.051187,No,No,No,No,No,No,No,No,No,No,No,,Warning,,13-703(g),,,MD,02 - Automobile,2008,INFINITY,G35X,WHITE,Warning,13-703(g),Transportation Article,False,BLACK,M,SILVER SPRING,MD,MD,A - Marked Patrol,"(39.0905078333333, -77.051187)"
43ccb3b6-f91f-45d7-b4b8-6d5b42a4a50e,05/01/2023,02:33:00,MCP,"6th District, Gaithersburg / Montgomery Village",DRIVER FAIL TO STOP AT FLASHING RED TRAFFIC SIGNAL STOP LINE,WATKINS MILL RD/270SB RAMP,39.1564338333333,-77.2253718333333,No,No,No,No,No,No,No,No,No,No,No,,Warning,,21-204(b),,,MD,02 - Automobile,2016,TOYTA,COROLLA,GRAY,Warning,21-204(b),Transportation Article,False,HISPANIC,M,ROCKVILLE,MD,MD,A - Marked Patrol,"(39.1564338333333, -77.2253718333333)"
5e74d843-e77e-4e05-8d98-1fd44aa00303,04/30/2023,21:51:00,MCP,Headquarters and Special Operations,WINDOW TINT,WB ICC @ MD 650 NEW HAMPSHIRE AVENUE,39.0877418333333,-77.0108441666667,No,No,No,No,No,No,No,No,No,No,Yes,Nothing,Warning,Consensual,61,Both,,MD,02 - Automobile,2018,TOYOTA,CAMRY,SILVER,ESERO,61,,False,BLACK,M,BROOKLYN,NY,NY,B - Unmarked Patrol,"(39.0877418333333, -77.0108441666667)"
a45868ba-6db3-4feb-b0c5-5059acc43452,05/01/2023,18:24:00,MCP,"2nd District, Bethesda",STOP LIGHTS (*),ROSEMARY ST/HILLCREST PL,38.9778616666667,-77.0795216666667,No,No,No,No,No,No,No,No,No,No,No,,Warning,,21-201(a1),,,MD,02 - Automobile,2015,FORD,FOCUS,WHITE,ESERO,64*,,False,HISPANIC,M,SILVER SPRING,MD,MD,A - Marked Patrol,"(38.9778616666667, -77.0795216666667)"
c8780081-5b8c-4bac-a34f-b1936a70069b,05/01/2023,10:56:00,MCP,"1st District, Rockville",TAILLIGHTS (*),BRINK RD AT KAUL RD,39.20083,-77.2040233333333,No,No,No,No,No,No,No,No,No,No,No,,Warning,,56*,,,MD,05 - Light Duty Truck,2019,GMC,TK,WHITE,ESERO,56*,,False,HISPANIC,M,HAGERSTOWN,MD,MD,A - Marked Patrol,"(39.20083, -77.2040233333333)"
d8a35804-8152-42ca-a479-162fc6097d31,05/01/2023,12:52:00,MCP,"2nd District, Bethesda",STOP LIGHTS (*),OLD GEORGETOWN RD AT MC KINLEY ST,38.9917983333333,-77.1063883333333,No,No,No,No,No,No,No,No,No,No,No,,Warning,,21-801.1,,,MD,02 - Automobile,2017,VOLK,JETTA,WHITE,ESERO,64*,,False,OTHER,M,BETHESDA,MD,MD,A - Marked Patrol,"(38.9917983333333, -77.1063883333333)"
5e393326-4b76-4d64-a2aa-08ed8bbfb656,05/01/2023,17:19:00,MCP,"4th District, Wheaton",TAILLIGHTS (*),GEORGIA AVE & ARCOLA AVE,39.047105,-77.0516933333333,No,No,No,No,No,No,No,No,No,No,No,,Citation,,13-401(h),,,MD,02 - Automobile,2004,JEEP,UT,"BLUE, DARK",ESERO,56*,,False,BLACK,M,SILVER SPRING,MD,MD,A - Marked Patrol,"(39.047105, -77.0516933333333)"
2f3e5f12-5bc0-4458-bfbd-e72413f9d768,05/01/2023,23:07:00,MCP,"5th District, Germantown",HEADLIGHTS (*),RIDGE RD @ HOFFMAN DR,39.2514116666667,-77.2322216666667,No,No,No,No,No,No,No,No,No,No,No,,SERO,,55*,,,MD,02 - Automobile,2007,CHEVY,SUBURBAN,SILVER,ESERO,55*,,False,WHITE,F,MOUNT AIRY,MD,MD,A - Marked Patrol,"(39.2514116666667, -77.2322216666667)"
6b6afffc-29ba-438a-b632-122fdf7833f1,07/18/2023,11:38:00,MCP,"5th District, Germantown",FAILURE TO DISPLAY REGISTRATION CARD UPON DEMAND BY POLICE OFFICER,26400 WOODFIELD RD,39.288435,-77.2010416666667,No,No,No,No,No,No,No,No,No,No,No,,Citation,,13-409(b),,,MD,02 - Automobile,2022,TOYT,HIGHLANDER,"BLUE, LIGHT",Citation,13-409(b),Transportation Article,False,WHITE,F,LAYTONSVILLE,MD,MD,A - Marked Patrol,"(39.288435, -77.2010416666667)"
45870793-3c09-4fec-80e7-0c02eaa4709a,07/15/2023,22:39:00,MCP,Headquarters and Special Operations,DRIVER FAILURE TO OBEY PROPERLY PLACED TRAFFIC CONTROL DEVICE INSTRUCTIONS,24141 KINGS VALLEY RD,39.1847145,-77.2627958333333,Yes,No,No,No,No,No,No,No,No,No,No,,Citation,,21-902(a1i),,,MD,02 - Automobile,2008,HYUN,ACCENT,RED,Citation,21-201(a1),Transportation Article,True,WHITE,F,DAMASCUS,MD,MD,B - Unmarked Patrol,"(39.1847145, -77.2627958333333)"
3ebe3925-1d4f-40ea-a150-7d9997bea404,07/19/2023,10:54:00,MCP,"5th District, Germantown",EXCEEDING POSTED MAXIMUM SPEED LIMIT: 44 MPH IN A POSTED 35 MPH ZONE,26400 WOODFIELD RD,39.289285,-77.20128,No,No,No,No,No,No,No,No,No,No,No,,Citation,,21-801.1,,,MD,02 - Automobile,2021,FORD,CG,WHITE,Citation,21-801.1,Transportation Article,False,BLACK,M,BALTIMORE,MD,MD,A - Marked Patrol,"(39.289285, -77.20128)"
45870793-3c09-4fec-80e7-0c02eaa4709a,07/15/2023,22:39:00,MCP,Headquarters and Special Operations,FAILURE TO CONTROL VEHICLE SPEED ON HIGHWAY TO AVOID COLLISION,24141 KINGS VALLEY RD,39.1847145,-77.2627958333333,Yes,No,No,No,No,No,No,No,No,No,No,,Citation,,21-902(a1i),,,MD,02 - Automobile,2008,HYUN,ACCENT,RED,Citation,21-801(b),Transportation Article,True,WHITE,F,DAMASCUS,MD,MD,B - Unmarked Patrol,"(39.1847145, -77.2627958333333)"
45870793-3c09-4fec-80e7-0c02eaa4709a,07/15/2023,22:39:00,MCP,Headquarters and Special Operations,FAILURE OF INDIVIDUAL DRIVING ON HIGHWAY TO DISPLAY LICENSE TO UNIFORMED POLICE ON DEMAND,24141 KINGS VALLEY RD,39.1847145,-77.2627958333333,No,No,No,No,No,No,No,No,No,No,No,,Citation,,21-902(a1i),,,MD,02 - Automobile,2008,HYUN,ACCENT,RED,Citation,16-112(c),Transportation Article,False,WHITE,F,DAMASCUS,MD,MD,B - Unmarked Patrol,"(39.1847145, -77.2627958333333)"
4ee53caa-3d9a-4240-b77c-bdab5fc282f9,05/03/2023,11:40:00,MCP,"3rd District, Silver Spring",FAILURE TO STOP AT STOP SIGN,EASTERN AVE / 13TH ST,38.9878966666667,-77.031385,No,No,No,No,No,No,No,No,No,No,No,,Warning,,21-707(a),,,MD,02 - Automobile,2010,TOYT,4S,RED,Warning,21-707(a),Transportation Article,False,WHITE,F,BETHESDA,MD,MD,A - Marked Patrol,"(38.9878966666667, -77.031385)"
b734e024-073b-497e-bfb1-43a9845cc86c,05/02/2023,08:40:00,MCP,Headquarters and Special Operations,EXCEEDING THE POSTED SPEED LIMIT OF 40 MPH,RT. 118 @ DAWSON FARM RD,39.1718466666667,-77.2767516666667,No,No,No,No,No,No,No,No,No,No,,,,,,,,MD,02 - Automobile,2016,JEEP,UT,BLACK,Warning,21-801.1,Transportation Article,False,HISPANIC,F,GERMANTOWN,MD,MD,G - Marked Moving Radar (Stationary),"(39.1718466666667, -77.2767516666667)"
1d11720f-eed4-4b38-beea-9cbc0b926a66,05/03/2023,07:30:00,MCP,Headquarters and Special Operations,EXCEEDING THE POSTED SPEED LIMIT OF 40 MPH,NB RT.27 @ APPLE ORCHARD WAY,39.22687,-77.23661,No,No,No,No,No,No,No,No,No,No,,,,,,,,DC,02 - Automobile,2018,HONDA,4DR ACCORD,N/A,Warning,21-801.1,Transportation Article,False,HISPANIC,M,WASHINGTON,DC,DC,Q - Marked Laser,"(39.22687, -77.23661)"
398ec86c-f8ef-4c59-bc8a-e562d61ca9bb,05/02/2023,10:15:00,MCP,Headquarters and Special Operations,OPERATING CMV WITHOUT PROOF OF PERIODIC INSPECTION,NORBECK RD @ NORWOOD RD,39.119115,-77.02028,No,No,No,No,No,No,No,No,No,No,No,,Warning,,11-390.21,,,MD,05 - Light Duty Truck,2004,FORD,F450,WHITE,Warning,11-396.17(a),Maryland Rules,False,HISPANIC,M,SILVER SPRING,MD,MD,A - Marked Patrol,"(39.119115, -77.02028)"
ba02eee9-6731-4be0-9d59-3383cb668538,05/02/2023,22:54:00,MCP,"6th District, Gaithersburg / Montgomery Village",DISPLAYING EXPIRED REGISTRATION PLATE ISSUED BY ANY STATE,MONTGOMERY VILLAGE AVE / CENTERWAWY RD,0,0,No,No,No,No,No,No,No,No,No,No,,,,,,,,DE,02 - Automobile,2009,HYUN,ELANTRA,RED,Warning,13-411(f),Transportation Article,False,BLACK,M,GAITHERSBURG,MD,MD,A - Marked Patrol,"(0.0, 0.0)"
16676074-80cb-4acf-aec8-51fd4290862f,05/03/2023,18:21:00,MCP,"6th District, Gaithersburg / Montgomery Village",DRIVING MOTOR VEHICLE ON HIGHWAY WITHOUT REQUIRED LICENSE AND AUTHORIZATION,CONTOUR RD / ODENDHAL AVE,39.1522453333333,-77.1951163333333,No,No,No,No,No,No,No,No,No,No,,,,,,,,MD,02 - Automobile,2005,SATURN,VUE,SILVER,Warning,16-101(a1),Transportation Article,False,WHITE,M,GAITHERSBURG,MD,XX,A - Marked Patrol,"(39.1522453333333, -77.1951163333333)"
752e2a66-8d30-4751-873b-a01eb27e0b8f,05/02/2023,22:48:00,MCP,"1st District, Rockville",DRIVER CHANGING LANES WHEN UNSAFE,IN FRONT OF 4 NORTH WASHINGTON ST,0,0,No,No,No,No,No,No,No,No,No,No,No,,Citation,,21-309(b),,,MD,02 - Automobile,2019,TOYOTA,COROLLA,GREEN,Warning,21-309(b),Transportation Article,False,BLACK,M,COLLEGE PARK,MD,MD,A - Marked Patrol,"(0.0, 0.0)"
45870793-3c09-4fec-80e7-0c02eaa4709a,07/15/2023,22:39:00,MCP,Headquarters and Special Operations,FAILURE TO DISPLAY REGISTRATION CARD UPON DEMAND BY POLICE OFFICER,24141 KINGS VALLEY RD,39.1847145,-77.2627958333333,No,No,No,No,No,No,No,No,No,No,No,,Citation,,21-902(a1i),,,MD,02 - Automobile,2008,HYUN,ACCENT,RED,Citation,13-409(b),Transportation Article,False,WHITE,F,DAMASCUS,MD,MD,B - Unmarked Patrol,"(39.1847145, -77.2627958333333)"
babb5f8d-de14-44c3-8335-754e6d99239c,07/18/2023,23:32:00,MCP,Headquarters and Special Operations,EXCEEDING POSTED MAXIMUM SPEED LIMIT: 100 MPH IN A POSTED 55 MPH ZONE,SB 270/ EXIT 15,39.1787511666667,-77.2496178333333,No,No,No,No,No,No,No,No,No,No,No,,Citation,,21-801.1,,,MD,02 - Automobile,2008,BMW,4S,BLACK,Citation,21-801.1,Transportation Article,False,BLACK,M,GERMANTOWN,MD,MD,B - Unmarked Patrol,"(39.1787511666667, -77.2496178333333)"
27109896-f0be-4b20-a166-66f0db07412d,05/01/2023,06:40:00,MCP,"3rd District, Silver Spring",FAILURE VEH. TO YIELD INTERSECTION RIGHT-OF-WAY TO ANOTHER VEH.,OLD COLUMBIA PIKE / MUSGROVE RD,39.0684,-76.9624016666667,Yes,No,No,Yes,No,No,No,No,No,No,,,,,,,,VA,02 - Automobile,2022,TOYOTA,COROLLA,SILVER,Citation,21-401,Transportation Article,True,BLACK,M,SILVER SPRING,MD,MD,A - Marked Patrol,"(39.0684, -76.9624016666667)"
7fe84b5f-41a6-4ce9-b3fa-e7fe7e614b6e,05/01/2023,21:40:00,MCP,"2nd District, Bethesda",DRIVING VEH. WHILE IMPAIRED BY ALCOHOL,NEW HAMPSHIRE / LOCKWOOD DRIVE,39.0455233333333,-76.9904798333333,No,No,No,No,No,No,No,No,No,No,,,,,,,,MD,02 - Automobile,2017,HONDA,CIVIC,BLACK,Citation,21-902(b1i),Transportation Article,False,BLACK,M,SILVER SPRING,MD,MD,A - Marked Patrol,"(39.0455233333333, -76.9904798333333)"
7fe84b5f-41a6-4ce9-b3fa-e7fe7e614b6e,05/01/2023,21:40:00,MCP,"2nd District, Bethesda",FAILURE TO DRIVE VEHICLE ON RIGHT HALF OF ROADWAY WHEN REQUIRED,NEW HAMPSHIRE / LOCKWOOD DRIVE,39.0455233333333,-76.9904798333333,No,No,No,No,No,No,No,No,No,No,,,,,,,,MD,02 - Automobile,2017,HONDA,CIVIC,BLACK,Citation,21-301(a),Transportation Article,False,BLACK,M,SILVER SPRING,MD,MD,A - Marked Patrol,"(39.0455233333333, -76.9904798333333)"
5e393326-4b76-4d64-a2aa-08ed8bbfb656,05/01/2023,17:19:00,MCP,"4th District, Wheaton",DISPLAYING EXPIRED REGISTRATION PLATE ISSUED BY ANY STATE,GEORGIA AVE & ARCOLA AVE,39.047105,-77.0516933333333,No,No,No,No,No,No,No,No,No,No,No,,Citation,,13-401(h),,,MD,02 - Automobile,2004,JEEP,UT,"BLUE, DARK",Citation,13-411(f),Transportation Article,False,BLACK,M,SILVER SPRING,MD,MD,A - Marked Patrol,"(39.047105, -77.0516933333333)"
af2f9bda-711c-43de-b592-d91446f9b0c5,05/03/2023,15:05:00,MCP,"2nd District, Bethesda",DRIVING VEHICLE ON HIGHWAY WITH SUSPENDED REGISTRATION,GRANDVIEW AVE @BLUERIDGE AVE,39.0431493333333,-77.053451,No,No,No,No,No,No,No,No,No,No,No,,Citation,,13-401(h),,,MD,02 - Automobile,2012,HOND,ACCORD,SILVER,Citation,13-401(h),Transportation Article,False,HISPANIC,F,SILVER SPRING,MD,MD,A - Marked Patrol,"(39.0431493333333, -77.053451)"
7ee354e6-a75e-4e8f-9fe3-c87e963db66e,05/03/2023,13:11:00,MCP,"2nd District, Bethesda",DISPLAYING EXPIRED REGISTRATION PLATE ISSUED BY ANY STATE,GEORGIA AVE / ARCOLA AVE,39.0525385,-77.0507563333333,No,No,No,No,No,No,No,No,No,No,No,,Citation,,13-411(f),,,MD,02 - Automobile,2013,TOYOTA,PRIUS,"BLUE, DARK",Citation,13-411(f),Transportation Article,False,WHITE,F,SILVER SPRING,MD,MD,A - Marked Patrol,"(39.0525385, -77.0507563333333)"
f37336a7-f1b4-4d84-a4f2-58bd9728527a,05/03/2023,10:15:00,MCP,"3rd District, Silver Spring",FAILURE TO DISPLAY REGISTRATION CARD UPON DEMAND BY POLICE OFFICER,BROADBIRCH RD/ BOURFIELD WAY,39.0553916666667,-76.9606716666667,No,No,No,No,No,No,No,No,No,No,,,,,,,,MD,02 - Automobile,2012,NISSAN,VERSA,BLACK,Citation,13-409(b),Transportation Article,False,BLACK,M,SILVER SPRING,MD,MD,A - Marked Patrol,"(39.0553916666667, -76.9606716666667)"
df819a11-d7d8-4cca-b906-db6b731ed918,05/03/2023,22:32:00,MCP,"4th District, Wheaton",DRIVING VEHICLE ON HIGHWAY WITH SUSPENDED REGISTRATION,GEORGIA AVE & LAYHILL RD,0,0,No,No,No,No,No,No,No,No,No,No,No,,Citation,,13-401(h),,,MD,02 - Automobile,2019,CHEVY,COLORADO,WHITE,Citation,13-401(h),Transportation Article,False,HISPANIC,M,SILVER SPRING,MD,MD,A - Marked Patrol,"(0.0, 0.0)"
df819a11-d7d8-4cca-b906-db6b731ed918,05/03/2023,22:32:00,MCP,"4th District, Wheaton",DISPLAYING EXPIRED REGISTRATION PLATE ISSUED BY ANY STATE,GEORGIA AVE & LAYHILL RD,0,0,No,No,No,No,No,No,No,No,No,No,No,,Citation,,13-401(h),,,MD,02 - Automobile,2019,CHEVY,COLORADO,WHITE,Citation,13-411(f),Transportation Article,False,HISPANIC,M,SILVER SPRING,MD,MD,A - Marked Patrol,"(0.0, 0.0)"
52282e8c-f2e1-4bb5-8509-2d5e4f8da8ca,05/01/2023,23:11:00,MCP,"3rd District, Silver Spring",DRIVING VEHICLE ON HIGHWAY WITH SUSPENDED REGISTRATION,BRIGGS CHANEY RD @ COLUMIBA PIKE,0,0,No,No,No,No,No,No,No,No,No,No,No,,Citation,,17-107(a1),,,MD,02 - Automobile,2007,CHEV,CRUZ,BLACK,Citation,13-401(h),Transportation Article,False,WHITE,M,GAITHERSBURG,MD,MD,A - Marked Patrol,"(0.0, 0.0)"
247ffc0f-06be-4275-ae31-4de174af31b4,05/02/2023,04:54:00,MCP,"2nd District, Bethesda","NEGLIGENT DRIVING VEHICLE IN CARELESS AND IMPRUDENT MANNER ENDANGERING PROPERTY, LIFE AND PERSON",I270@W GUDE OVERPASS,39.0760938333333,-77.1672715,No,No,No,No,No,No,No,No,No,No,,,,,,,,MD,02 - Automobile,2021,TOYT,CAMRY,BLACK,Citation,21-901.1(b),Transportation Article,False,BLACK,M,GAITHERSBURG,MD,MD,A - Marked Patrol,"(39.0760938333333, -77.1672715)"
b513d612-d324-4553-a7ad-e04dce473d42,05/02/2023,00:36:00,MCP,"2nd District, Bethesda",EXCEEDING POSTED MAXIMUM SPEED LIMIT: 100 MPH IN A POSTED 40 MPH ZONE,"355 AND WHEATFIELD, GERMANTOWN, MD",39.1844416666667,-77.262795,No,No,No,No,No,No,No,No,No,No,No,,Citation,,21-801.1,,,MD,02 - Automobile,2010,CHEVROLET,IMPALA,SILVER,Citation,21-801.1,Transportation Article,False,BLACK,M,GERMANTON,MD,MD,A - Marked Patrol,"(39.1844416666667, -77.262795)"
b513d612-d324-4553-a7ad-e04dce473d42,05/02/2023,00:36:00,MCP,"2nd District, Bethesda",DRIVING VEHICLE IN EXCESS OF REASONABLE AND PRUDENT SPEED ON HIGHWAY,"355 AND WHEATFIELD, GERMANTOWN, MD",39.1844416666667,-77.262795,No,No,No,No,No,No,No,No,No,No,No,,Citation,,21-801.1,,,MD,02 - Automobile,2010,CHEVROLET,IMPALA,SILVER,Citation,21-801(a),Transportation Article,False,BLACK,M,GERMANTON,MD,MD,A - Marked Patrol,"(39.1844416666667, -77.262795)"
b513d612-d324-4553-a7ad-e04dce473d42,05/02/2023,00:36:00,MCP,"2nd District, Bethesda",RECKLESS DRIVING VEHICLE IN WANTON AND WILLFUL DISREGARD FOR SAFETY OF PERSONS AND PROPERTY,"355 AND WHEATFIELD, GERMANTOWN, MD",39.1844416666667,-77.262795,No,No,No,No,No,No,No,No,No,No,No,,Citation,,21-801.1,,,MD,02 - Automobile,2010,CHEVROLET,IMPALA,SILVER,Citation,21-901.1(a),Transportation Article,False,BLACK,M,GERMANTON,MD,MD,A - Marked Patrol,"(39.1844416666667, -77.262795)"
b513d612-d324-4553-a7ad-e04dce473d42,05/02/2023,00:36:00,MCP,"2nd District, Bethesda",TURNING OFF VEH. LIGHTS TO AVOID ID,"355 AND WHEATFIELD, GERMANTOWN, MD",39.1844416666667,-77.262795,No,No,No,No,No,No,No,No,No,No,No,,Citation,,21-801.1,,,MD,02 - Automobile,2010,CHEVROLET,IMPALA,SILVER,Citation,21-1112,Transportation Article,False,BLACK,M,GERMANTON,MD,MD,A - Marked Patrol,"(39.1844416666667, -77.262795)"
b513d612-d324-4553-a7ad-e04dce473d42,05/02/2023,00:36:00,MCP,"2nd District, Bethesda",DRIVING MOTOR VEHICLE ON HIGHWAY WITHOUT REQUIRED LICENSE AND AUTHORIZATION,"355 AND WHEATFIELD, GERMANTOWN, MD",39.1844416666667,-77.262795,No,No,No,No,No,No,No,No,No,No,No,,Citation,,21-801.1,,,MD,02 - Automobile,2010,CHEVROLET,IMPALA,SILVER,Citation,16-101(a1),Transportation Article,False,BLACK,M,GERMANTON,MD,MD,A - Marked Patrol,"(39.1844416666667, -77.262795)"
b513d612-d324-4553-a7ad-e04dce473d42,05/02/2023,00:36:00,MCP,"2nd District, Bethesda",DRIVING VEHICLE ON HIGHWAY WITH AN EXPIRED LICENSE,"355 AND WHEATFIELD, GERMANTOWN, MD",39.1844416666667,-77.262795,No,No,No,No,No,No,No,No,No,No,No,,Citation,,21-801.1,,,MD,02 - Automobile,2010,CHEVROLET,IMPALA,SILVER,Citation,16-115(g),Transportation Article,False,BLACK,M,GERMANTON,MD,MD,A - Marked Patrol,"(39.1844416666667, -77.262795)"
89255589-022a-4821-ac3c-64545c3f983b,05/01/2023,06:16:00,MCP,"6th District, Gaithersburg / Montgomery Village",DRIVING VEHICLE WHILE UNDER THE INFLUENCE OF ALCOHOL,GREAT SENECA HWY / QUINCE ORCHARD RD,39.149709,-77.2336671666667,No,No,No,No,No,No,No,No,No,No,No,,Citation,,21-901.1(b),,,MD,02 - Automobile,2013,HONDA,ACCORD,WHITE,Citation,21-902(a1i),Transportation Article,False,WHITE,M,GEMANTOWN,MD,MD,A - Marked Patrol,"(39.149709, -77.2336671666667)"
89255589-022a-4821-ac3c-64545c3f983b,05/01/2023,06:16:00,MCP,"6th District, Gaithersburg / Montgomery Village",DRIVING VEHICLE WHILE UNDER THE INFLUENCE OF ALCOHOL PER SE,GREAT SENECA HWY / QUINCE ORCHARD RD,39.149709,-77.2336671666667,No,No,No,No,No,No,No,No,No,No,No,,Citation,,21-901.1(b),,,MD,02 - Automobile,2013,HONDA,ACCORD,WHITE,Citation,21-902(a1ii),Transportation Article,False,WHITE,M,GEMANTOWN,MD,MD,A - Marked Patrol,"(39.149709, -77.2336671666667)"
89255589-022a-4821-ac3c-64545c3f983b,05/01/2023,06:16:00,MCP,"6th District, Gaithersburg / Montgomery Village",DRIVING VEH. WHILE IMPAIRED BY ALCOHOL,GREAT SENECA HWY / QUINCE ORCHARD RD,39.149709,-77.2336671666667,No,No,No,No,No,No,No,No,No,No,No,,Citation,,21-901.1(b),,,MD,02 - Automobile,2013,HONDA,ACCORD,WHITE,Citation,21-902(b1i),Transportation Article,False,WHITE,M,GEMANTOWN,MD,MD,A - Marked Patrol,"(39.149709, -77.2336671666667)"
89255589-022a-4821-ac3c-64545c3f983b,05/01/2023,06:16:00,MCP,"6th District, Gaithersburg / Montgomery Village","NEGLIGENT DRIVING VEHICLE IN CARELESS AND IMPRUDENT MANNER ENDANGERING PROPERTY, LIFE AND PERSON",GREAT SENECA HWY / QUINCE ORCHARD RD,39.149709,-77.2336671666667,No,No,No,No,No,No,No,No,No,No,No,,Citation,,21-901.1(b),,,MD,02 - Automobile,2013,HONDA,ACCORD,WHITE,Citation,21-901.1(b),Transportation Article,False,WHITE,M,GEMANTOWN,MD,MD,A - Marked Patrol,"(39.149709, -77.2336671666667)"
89255589-022a-4821-ac3c-64545c3f983b,05/01/2023,06:16:00,MCP,"6th District, Gaithersburg / Montgomery Village",RECKLESS DRIVING VEHICLE IN WANTON AND WILLFUL DISREGARD FOR SAFETY OF PERSONS AND PROPERTY,GREAT SENECA HWY / QUINCE ORCHARD RD,39.149709,-77.2336671666667,No,No,No,No,No,No,No,No,No,No,No,,Citation,,21-901.1(b),,,MD,02 - Automobile,2013,HONDA,ACCORD,WHITE,Citation,21-901.1(a),Transportation Article,False,WHITE,M,GEMANTOWN,MD,MD,A - Marked Patrol,"(39.149709, -77.2336671666667)"
b1833131-cf32-4a27-b704-297f550e39a8,05/01/2023,17:44:00,MCP,"2nd District, Bethesda",DRIVING MOTOR VEHICLE ON HIGHWAY WITHOUT REQUIRED LICENSE AND AUTHORIZATION,7830 WISCONSIN AVE,38.9914583333333,-77.0974781666667,Yes,No,No,No,No,No,No,No,No,No,No,,Citation,,21-801(b),,,MD,05 - Light Duty Truck,2012,FORD,F350,WHITE,Citation,16-101(a1),Transportation Article,True,BLACK,M,BETHESDA,MD,MD,A - Marked Patrol,"(38.9914583333333, -77.0974781666667)"
b1833131-cf32-4a27-b704-297f550e39a8,05/01/2023,17:44:00,MCP,"2nd District, Bethesda",RECKLESS DRIVING VEHICLE IN WANTON AND WILLFUL DISREGARD FOR SAFETY OF PERSONS AND PROPERTY,7830 WISCONSIN AVE,38.9914583333333,-77.0974781666667,Yes,No,No,No,No,No,No,No,No,No,No,,Citation,,21-801(b),,,MD,05 - Light Duty Truck,2012,FORD,F350,WHITE,Citation,21-901.1(a),Transportation Article,True,BLACK,M,BETHESDA,MD,MD,A - Marked Patrol,"(38.9914583333333, -77.0974781666667)"
b1833131-cf32-4a27-b704-297f550e39a8,05/01/2023,17:44:00,MCP,"2nd District, Bethesda","NEGLIGENT DRIVING VEHICLE IN CARELESS AND IMPRUDENT MANNER ENDANGERING PROPERTY, LIFE AND PERSON",7830 WISCONSIN AVE,38.9914583333333,-77.0974781666667,Yes,No,No,No,No,No,No,No,No,No,No,,Citation,,21-801(b),,,MD,05 - Light Duty Truck,2012,FORD,F350,WHITE,Citation,21-901.1(b),Transportation Article,True,BLACK,M,BETHESDA,MD,MD,A - Marked Patrol,"(38.9914583333333, -77.0974781666667)"
b1833131-cf32-4a27-b704-297f550e39a8,05/01/2023,17:44:00,MCP,"2nd District, Bethesda",DRIVING VEHICLE WHILE UNDER THE INFLUENCE OF ALCOHOL,7830 WISCONSIN AVE,38.9914583333333,-77.0974781666667,Yes,No,No,No,No,No,No,No,No,No,No,,Citation,,21-801(b),,,MD,05 - Light Duty Truck,2012,FORD,F350,WHITE,Citation,21-902(a1i),Transportation Article,True,BLACK,M,BETHESDA,MD,MD,A - Marked Patrol,"(38.9914583333333, -77.0974781666667)"
b1833131-cf32-4a27-b704-297f550e39a8,05/01/2023,17:44:00,MCP,"2nd District, Bethesda",DRIVING VEHICLE WHILE UNDER THE INFLUENCE OF ALCOHOL PER SE,7830 WISCONSIN AVE,38.9914583333333,-77.0974781666667,Yes,No,No,No,No,No,No,No,No,No,No,,Citation,,21-801(b),,,MD,05 - Light Duty Truck,2012,FORD,F350,WHITE,Citation,21-902(a1ii),Transportation Article,True,BLACK,M,BETHESDA,MD,MD,A - Marked Patrol,"(38.9914583333333, -77.0974781666667)"
b1833131-cf32-4a27-b704-297f550e39a8,05/01/2023,17:44:00,MCP,"2nd District, Bethesda",DRIVING WHILE SO FAR IMPAIRED BY ALCOHOL CANNOT DRIVE SAFELY,7830 WISCONSIN AVE,38.9914583333333,-77.0974781666667,Yes,No,No,No,No,No,No,No,No,No,No,,Citation,,21-801(b),,,MD,05 - Light Duty Truck,2012,FORD,F350,WHITE,Citation,21-902(c1i),Transportation Article,True,BLACK,M,BETHESDA,MD,MD,A - Marked Patrol,"(38.9914583333333, -77.0974781666667)"
b1833131-cf32-4a27-b704-297f550e39a8,05/01/2023,17:44:00,MCP,"2nd District, Bethesda",DRIVER OF MOTOR VEHICLE FOLLOWING VEHICLE CLOSER THAN REASONABLE AND PRUDENT,7830 WISCONSIN AVE,38.9914583333333,-77.0974781666667,Yes,No,No,No,No,No,No,No,No,No,No,,Citation,,21-801(b),,,MD,05 - Light Duty Truck,2012,FORD,F350,WHITE,Citation,21-310(a),Transportation Article,True,BLACK,M,BETHESDA,MD,MD,A - Marked Patrol,"(38.9914583333333, -77.0974781666667)"